academics,sports,fitness,social,extra-currics,sleeping,time-on-social-media,time-on-outdoor,height
3,2,4,1,5,4,4,4,4,251.61219489030782
2,4,3,1,5,3,2,1,4,284.23801642139625
5,1,3,1,3,4,3,4,1,289.3839334759587
2,1,1,5,3,3,2,4,3,285.56036559819245
1,1,4,1,3,3,4,1,2,212.56751087636525
3,3,1,3,5,4,2,2,5,295.7646048437679
4,1,1,2,5,5,3,5,4,210.66141700187075
3,4,3,5,1,4,3,3,2,350.36460780873597
3,3,4,3,5,1,5,5,3,278.83206729142756
3,4,4,1,1,2,1,4,1,309.6513549875235
5,4,3,2,2,1,1,3,2,334.0327971773638
3,5,4,2,2,3,2,4,5,335.00997857079255
4,2,3,3,5,2,5,5,3,290.67791122934995
4,2,3,2,4,1,3,4,1,264.5375115838901
2,2,4,1,3,5,2,2,5,229.5701818710067
4,5,5,1,4,4,3,2,2,346.64207606231366
1,5,5,3,4,1,1,1,1,280.20619569609204
2,3,1,1,1,4,2,3,2,212.0213277298709
4,2,1,4,4,4,3,1,1,298.53977839726434
1,5,3,4,5,1,1,4,4,245.02124134112586
5,4,2,2,3,1,1,1,3,344.12350954349836
2,2,2,4,1,4,2,3,5,238.4093409969332
3,5,3,4,4,2,5,3,1,320.6753514225516
1,1,1,5,1,2,3,4,4,200.3600822325192
1,4,1,4,3,2,1,2,4,301.38353427332595
4,3,5,2,4,3,3,2,1,365.22403801184737
3,2,5,3,3,5,3,3,4,315.02478399906664
2,3,5,1,1,1,5,3,2,223.62331036546368
2,4,1,3,1,4,1,5,5,270.6916964662925
2,5,4,4,2,4,1,3,5,310.77547273275394
1,2,3,4,1,1,1,3,4,203.04653682864077
4,1,2,5,3,3,4,1,5,333.0172748122924
1,5,1,1,2,3,4,5,5,216.3690139196946
1,4,3,5,4,4,4,5,5,298.9389519387585
2,1,5,1,1,2,2,3,5,224.7301587616979
3,2,5,4,2,4,1,3,3,345.20873415400547
3,1,3,1,3,3,3,5,2,274.4869673630135
3,5,3,1,3,3,1,1,5,332.9351475008301
2,3,1,4,3,2,5,1,2,274.4323011844066
4,3,1,5,1,3,1,3,2,350.0514290897335
4,2,4,2,2,3,1,3,5,323.7570359803337
5,5,2,1,1,5,5,3,3,249.3881452518773
2,2,3,5,5,1,4,5,4,235.2651133350395
3,5,1,3,5,4,5,3,2,276.89375589058284
4,2,2,4,5,1,5,5,5,261.952062092082
3,3,3,3,1,5,2,3,3,276.6917562889473
2,5,2,3,4,3,4,3,3,272.9447401529662
4,5,5,5,4,4,4,5,4,395.49224563120174
3,5,3,4,4,4,3,2,2,331.1646295505694
3,1,5,2,1,5,4,1,4,224.0976732425616
3,2,1,4,1,1,2,2,1,245.9035161409123
3,3,4,3,5,5,4,2,1,274.52458934082466
4,4,4,3,3,4,2,5,4,398.190775134341
5,3,4,3,1,1,1,5,2,319.28788211710656
5,2,1,3,3,3,1,1,5,344.0562163457443
1,3,4,1,1,1,4,1,4,179.9384473029433
1,2,5,1,2,1,5,1,3,200.6619273530103
3,5,4,4,3,2,3,3,3,359.28971211323784
3,2,2,3,3,5,5,1,3,260.8692016447116
5,5,1,4,5,1,3,2,5,306.9601697791974
5,4,2,3,5,5,4,4,2,313.72998013247116
3,4,3,2,5,1,5,5,1,273.6677445841706
2,4,5,2,2,4,5,2,1,306.2929092615943
2,5,2,5,1,1,4,3,1,245.587476375925
5,1,3,3,5,2,2,3,5,299.0251746135313
3,2,1,3,3,4,5,4,1,281.2665501371066
1,4,5,1,4,4,3,3,5,285.6103053087884
1,4,2,5,3,3,1,1,2,345.4127682011257
1,2,1,1,5,5,5,5,3,127.67466136208787
5,2,2,5,5,5,5,5,3,288.6750184973521
1,2,3,2,4,3,1,2,2,235.7759644815818
2,5,4,3,3,2,2,1,1,320.176420944905
4,1,4,1,2,5,4,1,3,228.09948639804958
1,3,2,5,2,2,1,1,4,285.4757727633874
3,1,3,2,3,2,5,4,2,259.7695205442317
4,5,4,2,4,2,4,1,3,320.5639586254046
1,3,2,3,1,2,4,1,2,212.43399448220197
5,5,4,5,5,4,4,1,2,367.91735732893005
5,1,1,3,2,1,2,3,3,264.6762769121416
2,5,1,3,2,2,1,5,1,269.7586618674213
3,1,4,5,1,3,5,4,1,298.29763676513375
1,5,1,1,1,4,2,1,1,200.29551148091255
4,2,1,4,5,2,2,1,4,301.5430223761746
3,5,3,2,2,3,4,1,1,306.17484576432616
1,3,3,1,1,1,4,1,3,170.86635280852084
1,1,5,2,1,3,4,4,1,208.94751190892683
3,5,4,4,4,5,4,4,4,300.4246211527522
5,3,1,2,5,4,4,2,5,285.62735890326366
5,3,1,2,1,2,4,2,5,271.5282530014758
2,4,2,2,5,3,2,3,3,284.42345181530345
5,5,2,3,5,3,4,5,5,336.4591598394121
2,3,4,4,2,4,4,2,5,284.50223696956334
2,1,5,2,5,1,5,2,2,200.28930501097088
3,2,3,2,5,1,2,1,3,246.21895409639865
1,4,4,5,4,5,3,4,2,292.5669447707912
4,5,2,2,1,4,5,4,3,277.77672889640894
3,2,2,1,5,2,1,5,1,250.40823524631512
4,5,2,5,2,1,2,5,4,344.00760813389223
5,3,1,1,4,2,1,1,5,306.28289807278406
3,5,3,5,2,1,4,1,1,314.6006576560624
5,3,4,4,3,5,4,2,2,343.85847010666413
3,4,4,5,3,2,5,1,4,389.7051586487204
4,2,4,3,4,1,2,4,5,306.90299321535304
5,1,5,5,5,3,1,3,4,378.79443871426724
2,3,5,4,3,4,4,5,2,331.2259347386805
4,5,5,2,2,1,3,4,5,330.94842357996544
3,2,5,5,3,5,1,2,3,356.0545639301252
4,4,5,4,5,5,1,3,5,373.3896979158654
1,3,4,1,5,4,3,2,3,224.3106556167774
4,3,3,2,5,5,5,1,2,266.9118200637679
4,3,3,3,1,2,4,2,3,304.0834810074184
1,3,4,3,5,4,2,2,2,264.16082890724016
2,5,4,4,2,1,2,3,4,283.4188862801153
5,1,5,5,1,5,3,4,5,315.49881556078896
2,1,2,1,3,1,5,4,2,173.3968810451763
2,4,4,2,5,2,3,4,4,279.1573101129873
1,1,5,1,3,4,2,5,5,245.21607485858416
2,2,2,4,5,2,5,5,2,229.13905198114134
2,1,2,5,2,1,5,5,1,216.67034955353122
2,5,2,3,1,2,2,2,1,261.10748904469466
5,1,2,5,4,2,5,5,2,308.9760252162935
5,1,1,3,3,4,5,4,4,289.5969024985321
2,2,3,1,4,4,3,5,4,220.63466502669624
2,4,5,1,3,2,1,4,1,335.38699689388324
2,2,2,1,5,5,2,4,2,176.74501219961243
3,2,4,4,2,3,4,2,4,316.4981806902376
5,3,3,3,5,1,1,1,4,319.80677859170186
3,3,1,2,2,5,2,3,3,253.58022691277716
2,3,3,4,4,4,1,4,2,294.85888322998574
5,5,1,5,2,5,3,3,2,330.3379096229861
3,5,3,1,3,1,2,5,2,295.5259470509785
4,2,2,1,3,1,4,1,1,256.462570259071
1,3,1,1,1,3,5,1,3,188.59848202167336
2,4,5,4,5,2,3,3,3,333.95717489354485
1,5,2,1,3,3,5,3,1,243.82534418099735
3,1,5,4,1,3,4,5,1,299.7759579937608
3,5,1,3,1,2,2,4,4,288.3341748996003
4,4,1,5,1,3,1,3,5,375.5990533191423
1,5,5,1,3,1,4,5,1,252.00428627247996
1,2,5,5,2,2,3,3,3,296.0048894952247
2,5,1,3,4,2,5,4,2,248.23589147593947
3,2,1,2,2,3,2,2,1,275.6801358545894
3,4,1,5,3,5,3,1,1,338.9832423054759
1,1,3,5,4,3,2,2,2,265.32166683275574
4,3,5,1,1,2,1,5,5,329.99647807771646
1,3,1,4,3,5,1,5,5,242.9292005466529
5,5,1,5,3,2,1,2,3,391.2844280630684
1,3,2,5,1,1,5,1,3,221.12505901704165
1,3,2,1,5,3,3,4,3,218.83625575809052
1,3,2,1,4,4,2,2,4,225.3335644251307
2,4,3,1,3,5,5,4,2,254.1329159110162
1,2,5,2,5,2,2,1,2,246.87546190290314
4,1,4,5,1,3,1,3,1,334.4716265546248
5,5,4,4,4,2,5,4,1,360.860841578752
3,1,3,5,1,2,1,2,3,289.639998244497
5,1,1,5,3,3,4,2,3,332.5743939804869
5,1,1,5,3,2,3,1,2,329.1699420080018
3,5,1,5,3,1,2,3,3,331.6224400634806
4,3,2,3,2,5,3,3,4,296.4741250143298
1,1,1,3,3,2,1,5,5,222.15919367144346
5,3,4,5,5,5,2,2,5,356.9871225527739
2,3,4,3,2,1,1,5,5,270.8187268573021
4,4,4,3,4,1,5,1,4,334.5626477690762
2,3,5,4,5,3,3,4,3,325.25406406251386
4,5,5,5,5,4,3,3,4,393.3696194010629
4,4,3,1,2,3,2,1,4,357.04765282484937
2,4,3,1,5,2,5,5,5,250.80444066883786
4,3,4,1,1,5,4,4,2,255.4085028802364
1,2,5,5,5,4,1,3,4,294.2804575097556
2,4,5,3,3,5,4,2,5,317.8050201314307
4,5,3,1,1,1,4,2,1,253.97718051834164
4,3,5,5,2,4,4,4,3,390.2711789306984
2,5,5,4,3,4,3,1,5,346.9054088474458
3,2,1,5,2,4,3,5,1,300.5569519741358
5,3,2,5,5,3,1,1,1,380.60172067442704
4,2,3,1,5,3,1,2,4,294.20516775413745
2,3,2,5,2,2,2,3,1,302.8770202220612
3,1,1,2,2,4,1,5,3,242.76600007979295
3,2,4,1,1,2,2,1,3,258.8639221449722
1,1,3,4,3,2,1,3,3,251.28913765943557
4,3,2,1,3,1,4,2,4,279.49342608855545
3,1,5,3,2,2,1,1,5,314.3088188836443
4,3,2,4,5,5,3,4,4,291.63855048104995
2,2,4,5,2,5,3,3,4,259.5387269790332
2,1,5,4,4,3,5,3,3,278.6966645081219
2,5,4,5,4,5,2,2,1,298.51265651488893
1,3,3,2,1,2,1,2,2,224.23580661673952
2,2,3,4,3,1,3,1,5,255.4837288085627
5,1,1,5,3,5,2,1,4,312.92337902217827
5,2,1,4,4,1,1,5,1,293.9841772712452
2,3,4,3,3,4,5,3,4,294.09739824011456
1,2,5,4,3,2,2,4,3,304.81208948017775
1,1,1,3,3,3,5,4,1,215.27742765677561
1,4,2,5,2,2,5,3,1,290.25381084237995
1,1,2,1,1,3,4,2,5,153.5012865258606
2,2,1,4,4,1,5,4,2,205.34740928888456
5,3,4,3,4,3,2,1,1,378.686144414151
1,1,2,4,3,2,1,3,1,238.48411308234625
5,3,5,5,1,5,5,4,3,351.4771181438676
2,4,1,5,5,1,1,5,2,284.92345211540965
3,2,3,3,2,3,5,2,3,297.97919358569874
2,4,4,2,2,4,5,5,5,279.6919935662079
3,2,1,4,5,2,4,4,3,259.8132352806318
5,3,2,4,3,4,5,3,1,352.7546181839685
1,4,5,4,3,5,1,3,1,323.5502974465064
1,3,5,2,1,3,4,2,4,255.63172846017827
2,2,2,2,2,4,2,3,3,228.10000330349587
1,3,1,4,2,4,2,1,4,252.56824736688546
1,3,3,3,1,2,2,3,5,245.15001893452123
5,3,5,4,1,1,1,1,5,356.48532404901886
1,5,5,3,4,5,3,5,2,268.091799243944
4,2,2,5,2,2,3,5,1,332.1835824581343
5,2,4,4,2,2,2,1,3,349.4732604245309
5,5,2,1,2,2,1,2,2,320.70638803310794
1,4,4,1,1,1,1,4,5,224.86262693471343
2,4,5,1,4,2,1,3,5,315.0395685406352
5,1,3,3,1,4,5,2,5,268.6800767585559
3,1,3,2,5,2,2,4,4,248.78022131961333
3,3,4,4,5,4,3,3,5,322.9810771552062
1,3,5,2,4,3,3,3,2,282.8400190829995
4,1,3,3,4,3,5,2,1,297.14602389353536
4,5,5,3,1,3,1,4,4,381.12446842411805
3,4,5,3,5,2,4,5,5,356.5670549687274
5,2,2,1,1,2,1,3,3,269.3634569419639
4,5,3,1,3,1,3,4,2,307.25006793957095
5,2,2,1,1,4,2,2,1,269.11592656137555
1,5,1,3,3,2,5,2,2,251.63630858543652
3,2,4,3,4,1,1,2,3,285.91319206183454
1,4,5,5,5,2,2,3,1,347.4224249311268
3,1,3,4,5,3,3,4,4,284.09785318250005
2,1,5,2,4,1,2,1,2,228.7650848605175
4,4,4,2,5,5,4,5,4,298.2561672855267
3,3,4,4,3,5,1,3,2,333.5398693119752
4,3,2,4,5,3,4,2,4,333.0567147944422
4,1,1,2,1,1,2,4,1,214.6386274120384
1,3,2,2,4,1,5,4,2,192.35981513298216
2,4,4,2,4,4,4,1,4,279.90847770640005
2,5,3,1,5,1,2,5,2,224.38564973894452
5,2,1,4,2,2,4,2,3,301.41029574109905
2,1,1,5,5,5,3,2,2,199.47034575187948
4,1,3,4,4,1,4,1,2,265.0707037993168
2,4,2,2,1,3,4,1,1,254.2700887393404
3,5,5,4,4,5,2,1,1,343.9502416952846
4,2,3,3,1,4,4,3,5,281.97937811553373
3,1,5,1,1,3,3,5,2,270.5230757382402
1,1,3,5,5,2,3,2,3,232.77288113520154
2,4,1,5,1,3,4,4,4,296.75440926044996
1,5,4,4,5,2,5,1,4,261.22512390927545
5,2,5,5,1,5,2,5,1,342.5069009124415
2,1,3,5,2,2,5,4,4,249.41290895324374
5,5,5,5,1,2,5,1,1,384.46650753711737
4,5,2,1,4,2,4,3,2,289.5302709631989
1,2,5,3,4,2,4,5,3,256.2856952155097
4,2,1,5,3,3,1,5,3,361.8983356804913
3,2,2,2,2,1,4,1,2,226.20028834083007
5,5,5,3,5,4,5,1,5,364.7843420152943
4,3,3,4,2,2,1,4,1,356.6708900869774
4,3,1,4,5,2,2,4,5,322.5195081208282
5,5,2,4,3,3,3,1,1,388.214918840999
3,1,1,3,1,4,4,5,3,220.03610500068035
5,1,3,3,5,2,1,3,4,301.8597887488119
5,4,1,2,4,4,1,5,1,343.14573587436576
3,2,2,1,1,3,4,5,2,233.1679998094124
2,4,2,4,5,1,4,4,2,255.01777024082625
4,3,2,4,4,4,5,5,3,323.5625153923993
5,1,2,1,1,2,4,5,3,230.50866173940892
1,2,3,2,3,4,4,2,5,219.40023132430022
4,2,5,1,5,3,4,1,4,308.2067885913401
2,2,3,3,1,2,4,3,2,219.98395297500593
5,2,3,1,5,1,4,1,3,243.6682778558034
4,3,5,3,5,5,5,3,3,317.9915839885306
1,5,4,1,2,4,1,5,4,250.64059363974437
1,4,1,2,1,5,5,3,1,176.07157977389167
3,1,1,2,4,2,2,1,3,240.40809405533636
4,5,4,2,2,5,5,5,1,289.6994098597022
1,3,1,1,4,3,4,4,2,209.56118158248952
3,3,4,2,1,5,2,4,4,266.42605663764266
4,1,3,5,4,2,1,4,1,330.1413627095288
2,3,1,5,2,2,4,1,2,273.8550572454551
5,4,3,4,4,1,3,2,5,354.2169570101373
2,1,2,4,5,5,3,4,4,190.41395403063322
1,1,3,1,1,4,2,5,5,170.36934791397724
3,1,5,4,1,1,4,5,2,258.43436028407194
2,3,3,1,4,3,1,5,1,270.0734016380391
4,2,5,1,4,3,2,2,2,340.76762585841
1,3,3,2,4,3,5,5,4,239.4569723845492
2,5,5,4,5,5,3,5,4,287.31541801628185
2,3,5,1,5,2,5,2,1,260.47765449046784
5,3,1,1,3,5,3,1,5,286.31034576342523
3,2,5,2,1,1,3,1,2,258.8879821754094
5,2,2,5,3,1,5,2,5,325.91132585807026
5,4,4,2,3,1,4,5,5,347.61246172091063
1,5,2,2,2,2,2,3,4,238.67021794405932
3,1,5,3,1,1,5,2,1,251.0495660210137
3,5,3,1,5,1,3,1,3,257.5217678783631
2,2,4,2,2,2,1,1,4,250.60568584132548
5,3,1,2,1,2,5,3,1,274.44073807916766
1,5,4,5,5,3,3,5,2,305.08288172607666
2,1,3,3,3,5,3,4,5,222.1035131698639
4,1,5,4,5,4,5,4,5,316.06097103411184
5,2,1,3,3,5,5,2,3,281.78345279943153
4,2,1,3,3,2,5,1,2,298.32996803878416
3,5,1,5,4,4,1,5,3,338.6251725611255
3,5,3,3,3,4,4,2,3,330.7781393760256
3,1,3,5,3,2,4,1,5,311.02305857596383
3,5,4,1,4,2,5,2,1,286.91710305836637
4,4,2,1,2,2,3,1,3,317.9895556764055
2,1,1,3,1,1,4,5,5,153.34169191400375
5,4,2,1,5,5,4,1,2,281.04944244309985
1,1,5,1,4,5,5,2,5,176.56261990078391
4,5,5,1,3,5,1,2,5,347.5820375047894
3,5,2,5,3,5,2,5,3,340.4400819649933
4,1,4,2,5,3,2,5,4,293.08929981441815
4,1,4,5,5,1,4,4,5,286.64484256407667
3,3,3,2,1,3,4,1,2,282.8264804919218
1,1,1,2,2,3,4,1,2,174.90476300924476
5,5,2,5,2,1,1,1,3,355.32932589437996
2,4,4,2,3,1,4,3,5,276.2890315513525
3,5,3,1,1,5,2,2,2,250.80758753719522
3,5,2,4,3,2,2,1,4,350.6329626381412
2,2,4,4,3,2,3,3,2,292.497099269469
4,4,2,5,2,1,2,5,1,363.19376896708883
1,1,2,2,1,2,4,3,4,151.06498648030157
5,2,5,3,5,1,3,2,3,320.5545938406454
4,2,3,2,1,3,4,2,4,272.8895048423098
5,1,2,4,5,3,3,1,5,305.4377292708445
5,3,3,4,1,5,2,5,3,311.8755409133148
5,3,4,4,4,3,1,5,4,390.4501665790526
5,1,3,4,5,1,4,5,1,265.22572478352265
2,3,4,5,3,5,1,1,5,316.18351570016716
5,2,4,4,1,1,4,4,5,287.23294885217564
4,3,4,2,5,3,2,2,1,339.7685398821116
2,1,2,3,5,1,3,4,3,184.75476039971676
5,4,5,1,5,4,3,5,5,366.41041402830035
2,3,1,1,1,1,2,4,1,188.25174048258694
4,2,2,3,5,2,5,1,5,278.8957729477084
3,4,4,4,2,1,1,3,4,344.84076173121326
1,2,3,1,3,2,5,3,4,208.6315948091135
5,4,1,5,4,2,4,3,4,369.17038531705094
2,1,4,1,4,2,2,2,4,220.71755736446906
4,5,1,2,3,1,4,2,1,285.4480121916833
4,3,2,5,3,4,1,5,2,384.7302958551601
2,3,4,5,2,1,1,1,2,300.49122633233793
1,5,3,1,1,1,4,4,1,175.06977771750155
3,5,2,2,3,4,1,4,2,317.23768205980275
3,1,2,2,3,1,1,4,3,245.21222050175808
3,1,4,3,4,3,1,2,4,304.27359381895207
2,2,1,5,1,2,2,1,2,247.21166802375203
4,5,4,1,3,5,4,3,1,298.9282461771348
4,1,2,1,4,2,3,2,1,247.48389600377072
1,3,3,1,3,3,4,1,2,249.9635342198776
4,5,4,4,4,3,4,1,1,364.5220503760839
5,2,4,1,5,5,5,2,3,250.7116815757357
3,1,1,1,4,5,2,5,4,198.78484360375575
5,4,3,3,3,3,4,3,1,395.40475701605664
4,2,5,2,5,1,2,2,1,298.14728924116764
4,4,4,3,3,4,2,3,4,399.5332404510009
1,3,5,3,3,1,4,5,2,276.0995203674248
5,2,5,5,4,2,2,2,5,393.75595717350694
1,5,5,1,5,4,3,3,1,254.56964019477275
2,3,4,1,2,4,4,1,3,246.01550738953762
1,1,1,1,4,1,1,2,2,144.42148011760355
5,5,3,5,1,1,5,2,4,326.51822144323705
5,4,1,4,5,5,2,1,2,330.2800365395429
5,5,1,3,1,3,3,4,3,323.84888623750453
3,3,2,1,1,3,5,5,5,258.4089596315435
3,5,5,2,3,4,4,1,5,345.04235261038065
1,2,5,5,4,3,4,4,1,299.9407848747167
2,4,2,3,4,2,1,5,5,300.08775173333254
3,3,3,1,5,4,2,5,5,283.62897709199666
3,4,1,5,2,1,4,4,3,312.22002604815304
2,5,5,2,4,3,4,2,4,298.0443434974514
3,2,4,1,3,4,1,2,2,299.2025060143823
3,3,3,2,2,2,4,3,4,284.7089766384644
1,3,2,5,5,1,2,4,1,249.15594648609363
2,5,1,2,3,2,2,5,3,271.71150842108284
4,2,1,5,3,2,4,3,2,331.7500644848561
3,1,2,3,1,5,4,2,1,197.8563596707662
3,1,5,3,2,1,2,1,1,288.9390850012616
1,2,2,4,4,1,5,3,5,192.65504876634682
1,2,4,2,2,4,5,5,4,211.61935284846805
4,2,4,5,1,2,1,1,4,341.14179220751737
1,4,3,5,2,2,5,4,5,300.7244362656815
1,2,2,1,1,5,3,5,2,140.49233397908674
2,4,4,2,3,3,2,4,3,334.66399383974124
1,5,4,2,2,2,3,5,3,252.14794936474433
2,4,2,5,5,4,5,3,3,299.45319236642126
4,5,3,1,1,1,4,5,2,252.91747854774334
4,5,2,4,4,4,4,4,3,329.36781435015916
3,3,2,1,2,1,3,2,2,250.74095413904703
4,1,4,3,5,4,3,1,4,291.0975155906991
3,1,4,5,1,3,4,4,4,295.21236714204457
2,2,4,4,5,1,1,5,5,244.62378548100915
4,2,4,5,3,4,1,1,1,380.8886073869261
3,3,5,5,4,2,1,1,3,388.91942424869586
1,1,3,1,5,1,3,1,3,143.37668402622455
4,5,2,2,5,1,3,3,4,275.8055655585665
4,5,4,5,4,3,3,2,2,396.932745171422
2,4,3,3,1,1,5,5,2,245.07134047212108
4,3,4,5,1,2,4,3,3,344.4085862857167
2,2,3,4,4,5,2,3,2,239.41557651938155
4,4,4,2,5,5,3,5,3,307.3911882581379
5,5,3,2,4,1,3,2,2,301.232680307367
1,1,2,3,3,3,2,3,2,248.68352541270272
2,5,4,4,4,1,5,3,1,263.4811523405854
2,4,2,2,3,5,1,2,5,268.85076740292493
1,4,5,1,1,4,5,4,2,254.85831748943187
1,2,1,2,4,5,2,2,4,169.67914460885683
3,5,4,4,4,5,1,2,4,320.2566021798944
1,5,5,4,2,1,4,4,4,268.63353084447033
5,4,5,4,5,2,2,4,1,414.3480113536833
3,5,5,3,3,2,2,3,2,384.13365950454767
3,1,1,4,4,4,4,2,3,247.52591576733835
5,3,2,3,5,5,3,3,1,293.40513747827237
1,4,1,4,4,2,1,1,3,279.4007862279165
2,4,4,4,1,4,4,4,4,288.83353916802
1,4,2,2,2,3,1,4,1,275.4828214807689
4,3,2,1,1,2,2,4,4,284.87197842424945
3,1,5,5,3,2,1,1,1,364.5112006609943
3,3,4,3,1,2,4,4,2,289.97907548480777
2,3,3,1,1,5,3,5,5,194.4261110667698
3,2,1,1,2,4,5,3,5,230.31947510220215
2,4,3,3,4,3,2,3,5,325.60820757769994
4,5,2,3,2,5,5,4,3,287.4729415575389
3,2,1,2,3,4,5,1,3,259.1989265161966
1,5,4,5,3,2,2,1,5,330.46893297433286
3,2,4,1,1,3,1,1,4,275.8205973015706
5,2,3,5,5,1,1,5,3,324.2889913335376
5,5,3,4,5,4,3,4,5,350.6938756688814
4,4,2,2,1,4,4,1,2,302.25842566326105
4,1,2,5,2,4,3,4,4,305.03100884951516
3,5,2,4,2,5,5,1,3,280.93547501267403
1,2,1,3,4,2,5,3,1,198.2541118153345
2,5,4,2,3,3,1,4,1,313.2806337490709
4,1,3,5,2,1,3,2,1,294.7692539885021
4,1,2,2,3,5,5,4,5,242.34499279533804
5,3,3,4,5,4,5,3,4,334.0855246521759
4,2,1,1,4,4,3,2,5,260.4166989940739
1,4,4,4,2,4,5,4,1,292.36097566282075
4,3,3,5,5,2,1,3,3,365.6775899477274
1,1,5,1,5,5,3,2,5,175.29769534402385
1,2,2,3,1,2,2,4,3,210.42037921192752
5,2,3,2,5,3,2,4,3,316.04812903823694
2,3,4,2,4,4,2,5,1,276.3712044360111
1,1,5,2,2,4,3,2,2,226.57307329476464
3,1,4,4,5,1,4,3,4,247.74459861303524
4,1,4,3,5,4,2,1,5,302.36817590863245
2,5,2,1,5,4,4,2,5,219.52877844096915
3,4,2,3,1,5,1,4,4,291.5991385124764
2,2,4,5,5,2,5,4,3,271.9551038289058
5,3,2,2,5,3,1,5,2,327.44625208399174
4,3,3,5,3,2,5,5,5,375.1612858758103
2,3,1,2,5,3,3,5,4,240.26156772784506
2,2,4,1,5,3,5,1,2,222.69106486136747
1,1,4,4,2,1,3,2,1,204.33899809648253
2,4,1,4,4,2,4,4,5,281.1986946032297
4,2,3,2,1,1,4,5,5,234.48506223618355
4,4,1,4,3,2,5,2,2,360.1397948956747
2,1,1,3,2,5,2,2,5,191.7497996690592
1,4,4,5,3,3,1,5,4,367.09640922094326
1,2,4,3,5,2,2,5,3,238.4593630019039
1,3,5,3,4,1,2,4,3,277.5966245801051
5,1,1,5,5,1,2,4,1,284.14383159109855
5,5,3,4,3,1,1,5,2,363.3654324964082
4,3,2,3,5,5,3,3,2,284.8540671801616
4,4,1,1,1,2,1,1,2,298.86377730663037
2,2,4,3,1,3,3,4,2,254.792956105142
2,4,1,2,5,4,5,2,2,239.68320028186233
5,3,4,1,1,5,4,5,4,264.4021335534021
3,4,2,1,1,3,5,5,4,285.20156124812
5,3,1,2,4,1,3,1,1,279.25815713370156
3,1,3,5,1,3,3,5,3,293.3420120295535
4,4,5,1,3,5,2,4,5,365.3475757856196
3,4,1,2,5,5,5,5,4,250.38146185009344
4,5,2,3,2,5,3,5,3,302.1484491231509
2,1,1,2,2,2,4,2,2,176.77259401122544
3,4,4,4,4,5,4,3,1,320.7328145518746
5,2,4,1,2,5,5,3,5,262.24797643616273
3,4,5,4,1,1,2,1,5,349.41316470628755
1,4,4,3,5,2,4,4,1,270.70483774378994
1,4,1,5,5,3,3,5,3,292.8367544574705
1,3,5,1,1,5,5,3,3,200.29568008936724
2,3,3,1,4,4,4,3,4,237.26681154942466
3,3,2,3,5,3,2,1,5,319.6008288690449
4,3,3,2,1,4,1,2,4,308.21898640004423
3,2,5,3,1,5,5,2,2,265.69766009025665
1,1,4,1,4,1,3,3,5,167.05395485842635
3,3,4,3,1,3,1,2,2,329.1003738387383
5,3,3,1,5,1,4,1,5,269.93033527137186
3,1,1,2,3,5,1,4,4,227.67609959693024
3,5,4,3,2,3,3,3,1,342.5773609342889
5,1,1,3,3,2,3,5,1,300.7266038311354
3,1,5,4,2,4,4,3,5,305.3064219697607
2,3,5,5,1,4,1,2,4,330.06980099802706
4,4,3,3,4,2,1,1,1,368.9522725943045
4,3,4,2,2,4,3,1,3,323.5488428562342
1,5,3,4,1,5,2,1,4,229.69643076839446
1,4,2,2,3,1,4,3,4,232.90680811468448
2,2,2,5,5,5,2,4,2,239.50555794841253
2,3,4,2,5,2,1,5,2,265.0834343793187
4,2,3,2,4,1,3,2,4,264.2521631029265
5,1,1,3,3,3,5,2,3,303.8364324506855
3,2,4,3,4,4,1,3,3,313.58712365156083
2,5,3,5,1,2,1,2,2,303.70411338339926
5,5,5,3,3,3,4,2,1,409.7030541531754
4,3,2,2,2,5,2,4,1,284.94860152603303
5,1,3,4,3,2,2,5,2,340.7560246834583
3,2,2,1,3,1,2,4,5,256.46138942431395
3,5,5,4,1,2,4,5,4,335.51538771714473
5,3,1,4,2,5,1,2,5,316.37247212376315
3,2,2,4,3,3,2,1,4,334.2586270651872
1,2,1,3,4,1,1,3,5,195.8758929308959
1,1,5,3,2,5,4,1,1,203.26696816620844
2,2,3,1,4,1,5,4,5,184.61070520686073
4,4,3,4,5,4,2,5,1,371.3781071808842
1,4,2,5,2,4,5,2,2,290.4635397335838
5,2,2,1,4,5,2,1,1,259.34674965881766
2,2,1,2,4,4,3,1,2,209.61396727410516
3,1,4,1,4,5,5,5,5,210.3789221914056
4,1,1,5,5,2,5,3,3,282.58214729532403
1,2,4,2,2,5,3,1,2,190.00120214906846
4,4,4,1,3,4,3,4,5,359.82494022423475
4,3,1,1,5,2,5,2,5,264.1855305090899
2,1,1,1,4,2,5,4,2,169.44087650491022
1,2,2,2,5,1,4,1,3,154.0842880699466
4,4,1,4,4,3,3,4,1,365.31080175323285
2,1,5,5,3,5,3,3,3,284.9026803329523
5,5,3,2,2,5,5,3,3,286.6240666017972
5,2,3,3,3,2,3,4,4,340.2560461622248
1,2,1,2,5,2,1,1,1,190.41068554083074
4,4,5,1,3,1,3,4,3,358.38734720342933
1,1,4,5,1,3,1,4,1,255.764344863148
5,1,1,3,1,5,3,4,4,230.29102610031097
4,4,4,4,5,2,4,1,4,360.14703529419273
1,3,2,2,1,1,2,3,5,188.9279320919953
4,1,1,3,5,4,1,5,2,269.04171494703127
3,3,3,3,4,1,4,5,4,280.2333521467745
1,3,4,2,5,5,5,1,5,194.16549844414484
5,2,1,4,5,2,3,5,2,300.8853379214293
3,5,1,3,5,3,2,1,2,316.6598760408981
3,2,1,3,5,5,3,1,2,233.2575316032858
4,1,4,4,3,3,5,1,5,336.5185624996576
2,5,1,5,5,2,5,4,3,270.05332766931946
2,4,4,5,2,5,4,2,2,299.7501648445361
4,1,2,3,3,1,5,5,2,264.3221296520186
2,4,4,1,3,5,3,3,3,269.22903576553716
4,1,3,3,1,2,3,5,3,269.18199379619097
3,4,2,2,1,5,5,2,2,249.10369174585637
1,1,5,5,5,2,1,5,5,274.4073913476934
2,5,2,2,3,5,5,1,4,229.35433723478604
2,3,4,1,4,4,5,3,1,244.62698161428804
2,5,1,4,2,4,2,1,4,278.4666231116906
4,1,2,2,2,1,1,2,2,245.96241907897002
2,5,5,4,1,1,5,4,2,269.6193521743114
1,1,2,5,3,4,5,3,3,240.4297185667812
4,2,5,3,4,5,1,4,2,323.35885346009746
5,2,1,2,1,3,1,4,2,285.18749350979533
1,3,4,2,2,2,5,5,1,233.57659694639202
2,5,2,4,5,4,4,2,1,260.46540317635703
5,1,4,5,2,1,1,3,5,321.1483189644291
1,1,3,5,2,2,3,3,5,241.5694069883207
2,1,3,5,4,4,4,3,4,252.15916172360818
5,4,3,4,2,4,5,5,2,372.16084300162885
3,1,4,3,3,3,1,1,2,323.09036151547457
3,3,5,3,1,3,2,1,2,352.44598975299255
1,5,4,5,2,4,2,5,5,309.7090639326215
4,1,5,1,5,5,5,2,3,246.9397558164122
3,2,5,1,5,5,2,5,3,264.59956683797765
5,2,1,4,3,5,2,1,3,311.0012985178988
1,3,1,3,1,5,4,1,5,173.27017004479112
5,1,1,2,5,2,2,4,1,257.64910070165905
1,2,1,1,1,5,4,4,2,120.60390017717054
1,2,5,1,2,3,4,2,4,241.3512454039786
1,5,5,2,5,4,4,1,1,254.7772546140423
1,5,5,2,5,2,1,1,1,274.4184649413868
4,1,2,4,5,4,2,4,3,291.48890474511757
5,5,5,4,1,1,3,1,3,348.85695524719307
4,4,3,3,1,5,5,5,2,301.3522641607541
3,1,4,1,2,4,4,4,4,238.2928684908883
2,3,2,3,3,2,1,5,1,295.5563769188922
3,5,2,5,3,2,5,1,5,349.860858071646
2,2,4,3,4,2,2,4,3,267.8254898275976
3,4,2,5,2,4,1,3,3,368.66708747690893
4,1,3,4,1,5,2,4,4,258.44039394154606
1,1,2,2,5,2,5,3,1,160.85707149343668
1,2,4,2,5,1,3,4,2,185.73811165650193
3,4,2,1,1,4,4,2,3,273.1416569080155
2,1,2,4,1,2,4,3,3,199.97673841204588
5,3,1,2,5,5,2,4,2,274.06774056868824
4,1,1,1,5,2,1,4,2,241.42317600136047
3,1,5,2,4,4,2,5,1,295.1342005369448
5,3,2,2,1,3,5,3,5,301.2044099882965
2,5,4,4,1,5,3,1,1,247.3243506287293
1,5,1,2,4,4,1,1,4,232.2314492613498
4,4,2,3,4,3,3,3,5,366.0115172946955
2,5,1,2,3,1,1,4,4,246.24772974433475
1,1,4,1,5,3,5,5,5,185.40712494994497
1,4,1,1,2,3,3,5,2,246.4804123919776
3,4,2,3,1,4,5,3,4,297.23385599130313
3,2,3,3,3,5,1,5,5,289.4848332053463
3,2,4,1,3,1,5,5,2,254.3515651631269
5,3,5,3,1,2,3,1,1,359.40189151361653
4,5,2,1,2,1,4,1,5,265.197412259498
3,4,1,3,3,5,5,5,4,301.5034167232263
4,1,2,1,5,4,4,2,4,230.96349694188547
3,1,4,1,5,4,2,1,1,250.78616042100958
1,5,4,5,5,1,5,3,3,255.66926499481693
5,3,4,1,2,4,5,5,1,313.47156269120876
5,5,4,4,1,3,2,4,2,373.529197785605
1,5,1,5,5,1,1,1,5,243.78481759956347
4,4,2,2,4,2,5,3,4,321.18503307130675
3,3,1,2,1,1,1,3,4,239.69956213892422
3,3,5,1,1,4,5,5,4,288.1499582739494
5,5,3,2,2,3,3,3,2,342.0388374960403
2,1,1,2,4,3,1,5,1,216.45891219528735
2,2,2,4,3,1,5,1,2,236.8133688590748
3,5,4,2,4,1,1,2,3,294.13599973204805
5,1,2,4,5,4,5,2,5,279.3380428440559
4,2,3,3,4,2,3,5,2,308.64462753179464
4,3,3,1,3,3,3,1,4,339.8965683224028
3,2,1,3,2,3,4,5,3,274.5157226485712
4,5,2,2,3,2,1,2,4,338.7154202362149
5,4,1,3,1,2,2,1,1,340.292769167408
4,1,5,2,4,1,1,5,3,289.2190972678172
3,5,2,4,5,3,1,4,1,333.28483606628004
5,5,4,5,5,3,1,4,2,404.02921232590114
3,3,5,3,5,5,2,4,3,319.8396515994705
1,1,3,4,4,5,1,1,1,199.91209286295575
3,3,5,4,4,5,2,4,5,340.33217135862077
4,4,4,5,4,4,2,5,3,410.3724904234925
3,5,5,4,5,1,5,3,5,320.5537508356316
4,1,3,5,2,4,5,1,2,311.89218438432584
5,3,4,5,2,4,3,3,4,385.3459641857486
2,1,2,2,3,4,1,5,3,228.86740911936798
2,5,1,5,4,3,3,3,3,305.17551004541684
5,1,5,2,4,1,5,1,2,277.906679929634
1,1,5,3,4,2,5,1,5,234.35544815225438
5,3,3,5,5,3,3,2,2,380.1956778425541
2,5,5,3,5,3,4,1,4,307.6150938775683
5,3,3,1,4,1,3,5,1,289.3021882480718
2,1,3,4,1,4,2,1,1,231.1978134556574
5,5,1,3,3,2,4,1,4,341.56551326356447
4,4,4,5,3,5,3,5,1,390.9183432907252
5,3,1,5,1,1,4,4,2,299.37123801257826
3,4,2,5,3,4,1,1,4,388.65690924678813
4,4,1,1,3,3,3,4,3,343.95541277374394
3,5,1,1,3,5,2,5,2,271.7926068552125
4,1,4,2,4,3,1,4,1,306.3651788609931
3,5,1,5,5,5,2,1,5,298.7087638972486
1,5,4,3,1,4,3,5,1,251.66757118434177
4,4,1,5,3,4,2,2,1,399.21635074322023
2,1,2,3,3,1,5,2,1,202.99561188183492
2,2,3,1,2,3,5,1,4,223.83856175512122
2,4,3,3,1,3,5,5,3,284.4832344779812
1,2,1,4,5,2,3,3,3,211.05577444444253
5,1,3,5,2,4,4,1,4,320.8150760755695
3,2,5,1,4,2,1,3,2,305.85566977540554
2,2,2,4,1,1,2,4,2,214.86260276625853
5,4,5,2,4,2,2,1,5,394.8244122330924
2,2,3,1,3,2,5,4,2,229.37648915942393
5,4,2,4,3,5,2,5,1,370.76776996478884
2,1,4,2,2,4,1,5,3,230.9256233648723
3,2,1,4,5,5,2,2,2,246.78861759893556
1,4,3,3,2,2,2,1,1,288.59279523486765
2,2,3,3,1,4,3,5,2,227.65418731706075
2,4,2,4,5,1,4,5,2,257.3361849051724
5,1,5,5,4,2,3,1,3,361.60134208332033
1,1,1,1,4,1,1,5,5,146.04230907768806
4,4,5,4,5,2,1,4,1,405.452901158415
4,2,1,1,5,1,5,5,5,214.1960005965041
4,3,3,1,5,2,2,1,3,304.6957802221697
4,3,3,3,2,3,2,4,2,359.52334478099664
3,3,5,3,5,4,2,2,1,347.32098778205636
5,1,1,2,2,5,3,5,5,230.3999798744083
3,5,5,1,5,3,4,1,1,318.30456491285094
2,2,2,5,1,4,1,1,5,261.3101466572914
2,1,3,4,4,2,3,2,2,238.08148003185548
2,5,3,5,1,4,2,1,5,300.03978320633814
3,4,4,2,2,2,2,2,1,337.17954109324074
5,4,1,3,2,4,5,3,1,340.626049872811
3,1,2,3,5,2,4,5,3,239.29548268999585
4,5,5,3,5,3,2,5,3,390.9316666112842
5,4,5,2,1,1,3,1,4,340.518891270797
4,3,2,5,5,3,2,5,4,370.66458684273636
3,3,2,3,5,5,4,2,4,256.2082655798264
5,2,4,2,1,3,2,5,2,313.42327530429714
3,2,5,3,4,4,2,5,5,335.4824001694595
5,3,4,5,1,3,2,2,5,391.2837785592519
4,2,1,4,1,3,5,2,2,286.8372628664193
3,2,2,1,4,1,5,2,2,215.47963464952184
2,2,1,5,3,2,4,2,1,269.18171002462594
3,2,5,1,1,1,2,3,4,260.6630127075891
4,3,1,5,2,1,3,5,1,321.4518790384342
3,1,5,3,4,1,2,4,4,289.1530330180339
1,2,4,4,5,3,5,5,4,247.31612073258793
2,2,1,2,2,1,4,5,2,177.1102786902529
5,4,3,4,5,1,1,2,4,355.3615684479207
2,3,1,2,1,4,4,3,4,205.4721737558695
3,1,2,5,4,4,1,3,1,296.91327997103156
3,1,4,1,1,5,5,4,4,192.17114156646022
1,1,2,1,4,3,2,3,1,193.06777805425463
4,4,2,2,3,3,4,5,5,354.3424240286629
5,2,3,3,3,2,3,3,2,341.207289710279
5,1,2,5,5,3,4,4,3,315.90933130640616
2,4,2,4,3,5,1,5,3,302.1543164136711
3,5,1,2,1,5,2,5,4,239.81776385719394
3,3,2,5,2,5,3,3,5,305.4195221249681
1,4,4,2,1,1,5,4,2,215.86828796279553
1,5,5,2,3,1,3,3,2,270.11898558979374
5,1,3,1,5,5,1,1,4,238.8497276661185
1,3,5,1,4,4,3,3,1,257.89913903380403
1,4,4,5,2,5,2,2,3,300.7059675412938
1,3,1,3,1,5,4,3,2,175.43097910787162
2,3,3,4,5,2,3,5,3,272.7798712311146
4,4,4,4,3,2,5,5,1,389.4509747247617
3,1,4,3,4,3,2,4,5,304.1429761401394
4,3,3,5,3,2,5,2,1,374.47408410911635
1,1,3,1,1,4,5,4,4,151.20322631626325
4,1,1,3,1,3,2,5,4,270.79664420628296
4,5,4,1,1,4,3,4,4,301.3074230789476
2,2,1,1,3,2,3,3,5,217.90723451061973
1,5,4,5,5,3,2,4,3,313.9610233911847
3,3,1,1,2,5,3,4,1,234.82025471370486
3,2,5,3,2,4,2,3,4,334.75760875865114
1,4,2,4,3,4,1,1,1,310.949723636885
5,3,3,5,3,3,4,3,4,402.4787723533186
5,4,3,3,2,2,5,2,4,362.7759515387761
4,1,3,4,1,3,1,4,2,301.96605607885033
1,4,3,1,1,4,5,3,4,221.02494028842068
1,3,5,3,4,5,5,5,5,250.29205024252744
4,2,4,3,2,5,3,1,2,289.5292181303514
4,1,2,5,3,2,2,1,1,339.6965416798145
4,1,4,4,1,2,3,3,3,292.1404555908666
3,1,4,3,2,3,4,5,3,286.2138027127895
4,5,1,1,2,4,1,4,2,302.11888168508057
4,1,1,2,1,3,3,5,2,242.2564127016013
4,5,2,4,3,4,5,2,1,349.32068327230235
3,2,4,2,2,3,3,1,1,294.1258482836111
3,1,2,2,4,5,3,3,3,209.69459168554107
1,3,2,4,2,5,1,5,1,236.5156244424574
1,5,4,4,5,2,4,1,2,258.1979005455404
4,2,5,4,4,1,1,3,5,342.49048025387174
1,5,4,2,2,4,5,4,1,240.67816554312125
2,4,4,4,1,1,4,2,5,265.09874193114894
4,3,1,4,5,5,2,2,3,293.326453488388
4,1,1,5,2,3,2,2,4,325.81387383420474
4,1,1,1,2,2,2,2,5,249.0286521883419
5,2,2,1,3,3,5,5,4,304.8430877201656
4,3,5,1,5,2,4,4,1,321.17715572141975
1,5,3,4,3,4,2,4,3,301.4378129546669
1,2,4,5,5,4,5,5,5,249.20211915595354
2,2,5,5,5,4,5,2,5,296.40331630056903
3,4,1,5,5,3,2,2,1,364.99422413942216
3,3,1,4,1,4,5,3,4,276.61441973000785
1,4,4,1,4,2,5,3,4,249.74300897264118
3,3,1,5,2,1,1,2,1,307.5079775925211
5,5,1,4,3,2,1,1,4,369.97388363513437
2,3,2,2,5,4,1,2,4,245.2998378476021
4,4,1,2,4,5,5,4,3,281.0709447663901
4,3,5,2,5,3,4,2,4,344.62137241335546
2,4,2,2,1,5,4,4,2,209.21169599705846
1,4,3,2,2,1,3,3,2,232.07999415458784
2,4,2,3,5,3,1,5,3,305.9426784760437
4,3,4,5,3,5,2,5,4,374.4633078300632
1,5,2,3,3,4,1,1,1,280.26837449311864
4,4,5,5,5,1,2,1,4,401.94825347439445
4,4,1,5,5,1,3,4,5,335.1507709415283
1,3,5,5,1,4,2,5,5,310.11946879352314
2,3,4,3,4,2,5,3,4,276.1212782342627
3,3,1,3,1,3,2,4,2,300.33033681804204
1,5,2,2,2,2,3,2,2,229.5955011733564
1,4,1,1,3,1,3,3,1,224.76470021245137
4,4,5,1,4,1,2,5,2,349.78832837696666
3,3,3,5,3,2,1,4,3,372.442015559074
2,2,1,4,4,4,1,4,4,249.14905105933317
4,4,2,1,4,1,2,4,3,305.1527625314442
2,1,1,2,4,3,2,5,4,215.23726076439087
1,2,2,5,4,4,2,2,4,261.8937219562945
3,3,4,5,3,4,4,3,4,363.9145754935752
3,5,2,3,4,5,4,5,3,271.47864258575225
2,1,5,3,2,4,2,1,3,277.0203866005965
4,2,3,2,4,4,4,4,1,279.0365162985193
1,2,1,2,1,3,3,2,5,182.0638972189169
3,5,4,3,1,2,2,4,1,317.4108629520004
3,3,4,2,1,4,5,1,1,274.31334355440987
2,2,5,3,1,5,2,4,1,245.66074444493788
1,4,2,3,4,4,2,1,2,278.8018593516688
5,2,2,2,1,2,4,4,1,258.6988863903616
2,5,1,3,5,1,4,4,3,216.25975575942903
2,3,5,3,5,3,4,4,3,303.56352039766614
1,3,4,1,4,1,3,5,4,209.66408893385272
2,4,5,5,5,1,4,5,1,319.5767223772539
4,2,5,3,4,1,2,2,5,331.04750651839083
2,1,1,3,1,5,4,3,4,149.60428462203728
4,5,3,1,1,1,5,3,4,254.44358894664006
2,1,1,5,3,5,4,3,2,217.7278247309282
4,4,4,5,4,2,2,4,5,410.6357803813663
2,3,4,1,1,3,3,2,4,250.5925535544136
3,3,1,1,3,4,4,4,5,275.6142087604772
3,3,2,1,4,4,3,1,1,274.8214358567362
3,3,1,1,1,3,2,1,4,269.41961384131554
5,2,4,1,5,1,1,1,4,275.20610888908476
3,1,1,5,3,3,4,4,3,307.544283821303
2,4,5,1,4,1,3,4,3,279.21278564457594
2,3,3,3,2,5,3,5,5,242.46232867116598
1,3,5,2,4,4,1,4,4,281.9775007906776
4,4,2,2,1,5,4,5,5,270.2720527890183
1,2,2,3,2,3,4,4,2,223.70107020284502
5,2,3,1,5,2,4,2,5,268.6337996413811
3,3,4,2,4,3,3,5,3,320.51139473844887
2,5,5,1,2,5,5,5,5,246.35604639679488
1,3,1,1,4,3,4,1,2,208.21891954492077
2,3,5,3,3,1,2,2,2,314.5617395080897
1,4,5,5,1,5,1,2,5,303.29088057863623
1,2,5,3,5,4,2,2,2,263.8860980495996
5,5,3,1,3,2,1,5,2,348.56492176178904
4,2,3,1,4,1,2,4,1,263.7222872284869
3,4,2,1,4,2,1,5,1,310.6305475265189
5,3,5,2,2,4,4,3,4,349.58710932914846
2,2,4,5,3,1,5,1,3,276.5997403975379
1,5,1,5,2,1,2,5,5,254.40218059116572
2,3,1,2,2,4,4,3,4,224.6480321407118
1,1,4,2,2,2,4,4,5,194.12031994274804
3,2,2,3,3,3,4,3,3,304.2262082355807
1,2,2,1,1,4,1,5,2,183.3593649618956
1,1,1,4,1,1,3,5,5,155.60103815681236
4,3,1,2,5,4,4,1,2,273.44001292028537
2,4,2,1,4,2,3,2,1,261.256372292079
3,3,5,4,3,3,5,4,5,386.1848097726702
2,1,3,5,5,1,1,2,2,235.2636170349747
5,1,3,2,2,4,2,4,3,291.59061581087127
5,5,4,1,3,4,2,4,3,363.3004966592257
5,3,4,2,2,1,2,1,4,321.00351019196063
2,5,4,1,3,3,1,1,4,305.2373487957323
1,3,2,4,5,1,2,1,4,228.84980357044725
3,1,3,2,2,3,5,1,2,254.3956508353047
1,3,3,4,1,2,4,4,5,235.9292465649824
3,3,3,4,5,1,3,2,1,289.43773351020286
5,5,1,3,3,2,4,5,1,338.55028383403317
5,1,5,1,3,2,5,4,3,315.437582205836
1,4,3,4,4,2,3,5,3,290.1371602140699
3,1,3,5,2,2,5,5,1,290.97237652383876
5,3,2,4,1,1,1,2,5,307.98987903873723
3,5,4,4,5,3,1,5,4,351.9866790222579
3,1,1,4,3,4,3,5,2,277.6882024807543
2,4,2,1,1,4,5,4,5,232.60702587753175
2,4,5,3,5,3,2,2,1,351.5960119926899
2,3,2,1,2,5,4,2,3,195.84015256127554
1,2,4,1,5,5,2,1,3,178.3778894018903
5,3,3,4,5,3,3,4,5,358.55651681432937
3,2,3,5,1,5,2,2,4,278.42969181021925
2,1,4,5,2,3,2,3,1,293.7645884945102
5,3,4,2,5,3,5,2,3,328.6546980122421
1,1,2,1,3,2,1,5,3,200.0635284006012
1,2,4,5,4,3,2,5,2,295.0928106399414
3,5,3,2,1,4,2,2,3,288.2473303285326
4,3,5,2,3,1,1,1,2,352.74161694449947
2,1,2,2,3,1,2,4,5,204.07933679917355
5,2,2,2,3,5,3,4,1,279.340746268515
2,3,2,1,5,2,1,1,4,233.95470321204027
4,4,3,4,1,2,1,4,1,359.01910320719554
3,3,2,3,5,1,4,4,5,258.4771849915792
3,5,2,4,5,3,2,1,5,336.6419285565589
1,1,4,2,4,1,3,3,3,174.8991550699574
2,3,2,5,5,2,5,1,4,275.87003374130944
5,3,3,4,4,1,3,1,3,329.6181491738121
4,3,5,4,4,1,5,1,1,342.83015030236226
5,2,5,2,3,1,1,3,4,337.19517949687156
4,4,3,1,4,4,5,3,4,319.7206116840413
4,5,2,2,4,3,3,3,3,323.9979930904712
5,5,2,1,1,5,4,4,3,249.64579439042924
4,3,3,4,5,4,3,4,2,334.5719849009874
2,3,4,5,1,3,3,3,1,310.0399259312205
2,3,1,1,5,4,3,2,5,215.3031041542899
5,5,4,4,4,1,5,4,2,335.9301487302899
3,1,1,5,3,1,1,4,2,286.27781472857345
4,2,4,3,2,1,2,5,2,304.38690148532964
3,5,4,5,4,5,3,2,5,331.6180369453118
4,1,3,1,2,4,4,3,4,251.4030523891298
3,1,2,2,2,2,1,5,2,251.01513398844915
1,1,1,5,1,1,5,4,1,164.27233727008706
2,5,5,1,3,1,2,3,5,290.3583093559379
3,5,4,5,3,5,5,1,2,338.9382604095908
3,2,3,4,1,5,4,5,1,238.19575113344257
3,3,5,3,1,3,2,2,1,355.9815998430911
5,1,2,1,2,1,1,1,5,246.7551040948557
3,2,3,3,3,2,4,4,2,300.73750389310356
5,1,3,5,3,3,1,4,2,373.361860936895
4,1,3,4,2,1,5,4,4,264.09358988212534
2,3,1,4,2,2,3,2,4,265.5811067051109
1,5,1,5,1,1,4,5,4,213.7485459607795
2,3,3,5,4,1,2,5,2,288.7443889359671
3,4,1,4,3,3,4,1,3,354.32690513521055
2,5,4,5,2,3,3,1,4,334.3989710399915
5,5,3,4,3,3,1,1,1,407.60207625383265
4,3,4,3,1,4,2,1,3,334.8142694389981
1,2,2,4,4,4,2,2,3,240.89670923614975
1,4,2,5,1,2,1,1,1,289.7961497516254
5,4,3,1,4,3,1,1,1,366.00432465039614
3,2,5,4,5,4,3,2,4,322.46190893131694
2,5,4,5,3,4,4,1,2,331.7165824488568
5,3,4,2,2,4,2,2,1,340.6346432411419
2,2,2,4,4,5,3,1,2,220.58938135242124
1,5,5,5,2,5,4,1,3,282.75599180421585
2,4,2,5,3,1,5,1,3,305.8739661970971
2,3,4,5,5,4,3,2,3,306.0344968843637
5,5,4,1,5,2,3,3,1,320.20218726745395
2,5,2,5,3,1,5,2,4,284.682094120868
1,5,1,3,4,1,1,3,3,226.42661697901912
4,3,3,2,3,5,1,2,4,315.35729508165645
2,3,4,5,3,5,3,4,4,303.34666241614013
5,2,4,4,3,3,4,2,3,364.44578407456476
5,3,2,4,3,3,3,2,5,382.58476081206175
4,1,2,2,3,5,4,2,3,239.94805340205517
2,1,2,4,1,5,3,1,4,181.3709713751984
5,1,4,3,1,2,4,2,4,280.27855618229734
4,2,5,5,2,1,4,1,1,339.6851950920008
3,4,3,4,2,1,1,2,2,333.0520626135139
1,5,5,4,4,1,1,5,4,290.0422665289575
3,1,4,1,4,1,5,2,1,214.29479340843895
3,4,5,4,1,1,1,3,1,349.63731112961693
4,2,5,3,2,4,3,1,3,345.6386334362088
4,3,5,3,4,1,3,5,4,346.3325885360732
3,4,2,2,3,5,1,2,2,308.217511221991
3,3,1,1,5,3,1,4,2,279.7141340674497
2,4,2,2,1,2,4,4,4,239.46890118945123
2,5,2,3,5,5,4,4,2,217.2681833835987
5,1,2,2,3,1,1,3,3,273.97151217727696
2,3,1,1,5,4,1,3,5,224.82844255574145
3,3,2,4,2,3,3,3,3,328.5612345153247
4,1,2,5,1,1,5,1,2,256.4861321925971
4,5,5,2,4,2,2,5,1,364.55472193077327
3,5,5,4,4,5,3,4,2,335.79733409689555
3,3,5,2,3,4,5,1,1,338.0954388761486
3,1,1,5,3,4,5,3,4,289.66680607905016
3,3,2,4,2,5,4,5,5,275.6403239634559
2,2,2,3,4,5,1,2,4,219.62543933171608
4,1,2,5,2,2,2,3,2,321.53226179700806
4,1,3,1,2,5,2,5,3,238.56960442553012
1,5,3,3,5,4,2,3,1,262.97782597246305
2,5,4,2,4,4,3,4,2,268.80371647789474
2,5,1,2,2,2,4,3,3,231.29880228115923
2,2,5,3,5,4,5,3,1,265.43180384988284
1,1,3,5,4,1,3,5,4,214.89475720061006
1,3,3,3,5,4,1,4,4,253.6339544502528
2,3,3,3,2,5,5,2,4,235.29340635573504
2,2,1,5,1,5,1,1,4,218.60499235051037
3,2,1,1,3,5,1,5,3,240.7127484401429
4,5,2,3,4,4,4,4,3,319.309628132417
3,3,2,5,2,1,5,3,2,300.3107863894291
5,4,4,2,3,4,5,3,2,369.62323452742044
2,1,5,5,3,1,4,2,2,279.8177817835727
5,5,1,4,5,3,2,1,2,353.8829918631891
3,3,3,3,1,4,3,2,2,295.4880631115632
1,1,4,5,2,4,5,4,5,240.13900245041052
5,2,2,2,5,3,2,1,4,304.77700975243476
3,2,3,2,1,5,3,2,5,220.47838601226644
3,4,5,4,2,1,4,3,1,348.5138510891061
3,3,4,3,4,2,5,5,5,313.67622071565853
4,4,5,2,4,3,4,4,3,379.90970930001185
2,2,1,2,1,4,1,4,1,201.38329030064168
5,4,3,4,3,1,5,1,5,365.67877246213584
1,1,4,2,2,1,4,1,1,164.2159202945968
2,1,3,1,1,4,2,1,1,189.3425747586257
1,3,5,5,5,4,3,4,4,308.935159606333
5,1,5,2,3,1,4,4,1,299.21570709502845
4,1,2,5,2,5,3,3,1,278.5404222591639
4,4,5,4,2,4,2,3,4,415.31361092690145
4,4,2,3,1,3,4,2,3,333.26894353296353
3,2,1,3,2,5,2,1,3,249.47169655613746
3,5,4,1,3,2,4,1,5,309.32021087410203
5,3,2,5,2,1,5,3,4,328.7632702147221
2,1,3,3,5,5,4,1,2,177.31423708033356
2,2,1,3,3,5,4,4,5,212.2803317920459
4,1,3,4,5,5,1,4,4,270.7059953505931
4,4,4,1,1,2,2,1,4,330.9579130915547
5,5,2,5,3,3,1,1,5,415.28319495770813
2,5,1,2,1,4,3,2,4,218.9266004883308
1,4,2,2,5,3,3,3,3,252.96876284616147
5,5,4,4,3,4,1,3,1,398.2706738989011
1,3,4,3,5,5,4,2,3,216.99681993993408
2,1,2,3,2,2,5,4,5,209.72908116555865
2,5,3,2,5,2,2,5,1,260.6345115833228
4,5,2,2,5,2,5,5,4,292.5502212109813
5,4,2,3,5,4,1,4,1,358.83063569328107
5,1,5,1,1,1,5,2,2,248.30411270247026
1,3,2,1,3,4,3,3,2,232.70544202252012
1,5,5,3,4,4,3,3,2,294.0961228998067
3,4,1,3,3,1,1,2,4,324.30890902622633
1,1,1,1,4,5,5,4,4,119.09334477362292
5,1,4,3,5,3,4,2,3,305.71152293495754
2,5,3,5,2,1,1,2,4,295.5394819098064
1,1,3,3,3,1,3,5,5,201.99713005311713
5,5,5,1,1,3,3,4,4,348.80630850146986
4,5,2,2,3,4,2,5,1,340.72153435504146
1,4,3,2,3,1,1,4,5,265.1315570402107
3,4,5,3,2,3,4,3,4,377.94596918507386
2,3,2,5,1,2,4,2,5,265.1674028600347
2,3,4,4,1,1,1,4,5,259.09429670474964
3,1,5,3,3,2,3,2,1,326.03561479843506
5,3,4,5,5,3,2,2,3,293.0965145199189
1,5,3,2,2,1,3,3,2,203.63878158007003
1,3,4,1,1,1,3,4,3,154.50314561245776
4,2,1,3,4,5,1,2,3,237.81084276508668
1,5,1,5,4,3,3,3,2,209.24352141226785
4,4,2,1,1,4,2,2,2,337.8986363410192
3,1,2,3,5,3,2,4,2,296.77462372182197
1,3,4,3,4,3,1,1,5,218.3003403861273
3,5,5,2,4,4,4,2,5,461.16763984445805
4,5,5,3,3,3,4,3,1,428.9012831560894
2,2,4,1,5,2,1,1,4,306.4939148617585
1,2,4,5,3,5,3,2,2,40.098160190758406
5,1,4,4,1,2,2,3,3,498.5986910704278
4,3,5,3,2,1,3,4,5,342.8318941124986
2,5,4,3,3,3,5,3,3,330.2929852798811
4,3,1,4,1,3,4,4,2,392.1267792350453
1,4,3,3,1,1,3,4,1,168.09221908859868
3,5,2,2,3,2,3,5,4,154.97799929901123
2,4,4,4,5,1,3,3,4,165.28675424537414
5,2,2,2,5,2,1,5,2,330.4712407878018
4,4,4,3,1,3,5,1,2,259.5902808658968
2,2,5,4,1,1,2,3,2,199.39047229172996
5,1,1,5,5,2,5,5,3,230.6639428078915
4,4,1,1,4,5,5,2,4,92.55551642154042
1,3,5,1,2,1,5,5,4,166.81043023428748
5,3,1,1,3,1,4,2,3,265.2827379719766
1,5,1,4,5,3,2,5,2,380.5033140237248
3,1,1,1,5,3,5,3,3,161.8282659771994
4,5,5,4,3,4,5,4,4,404.41256849412673
5,4,5,3,2,3,4,2,5,348.8440774203599
5,4,3,4,4,2,4,2,3,297.9675437487115
3,3,1,4,1,2,2,1,3,339.341277224962
4,4,5,5,3,3,1,5,1,473.73733575966116
4,1,2,5,2,1,5,2,3,390.7770494105031
3,1,2,2,2,1,5,2,4,129.1567206466757
2,2,4,4,1,4,3,3,3,307.24316936612183
2,2,1,1,1,4,2,1,3,216.0914996049603
1,2,5,5,2,5,5,3,1,326.2314531259293
4,1,2,4,5,4,1,2,2,157.28516568614324
1,5,2,2,2,2,3,4,4,228.64178562708474
1,4,3,2,2,1,4,2,5,179.9418048402367
2,1,5,2,5,1,4,4,4,195.55605858708412
5,2,1,4,3,2,1,4,4,369.28700730274926
3,2,2,5,5,3,1,3,3,497.8618565182315
3,5,3,4,5,2,5,5,2,324.66221497191157
4,5,2,2,4,2,1,1,1,310.5977376833033
4,1,3,5,1,1,1,5,2,229.59198878880838
2,1,5,5,3,2,5,2,4,427.66911130348745
5,4,3,4,3,3,1,1,3,560.5846438758405
2,3,5,4,3,2,3,1,5,574.2204738547227
2,5,1,3,5,3,3,3,1,131.2171145282232
5,5,2,5,1,2,4,2,1,364.89594931455525
2,5,3,1,2,5,1,3,4,336.45356476926287
3,5,2,2,4,4,1,2,1,203.41172437062863
1,4,2,4,3,2,1,5,3,254.23059822640306
2,3,1,3,1,1,1,5,5,183.32801134182512
5,1,2,3,3,5,4,1,2,349.9622772790016
5,3,2,5,3,4,4,4,3,454.63932217168406
4,2,4,1,4,1,5,1,4,231.9329788489724
5,4,5,1,1,5,2,1,4,418.4760089349467
4,1,4,1,4,3,1,4,4,120.70938726434386
4,2,1,2,4,1,3,4,3,244.2550570789311
5,3,1,5,3,5,2,3,3,330.82250786074854
4,1,3,2,2,2,5,5,5,213.08592988215568
2,3,3,3,5,3,2,1,1,278.7411125583247
5,4,1,5,5,2,1,1,2,483.1242561414131
1,1,1,3,1,5,3,2,5,25.90747329271083
4,1,4,4,1,3,2,5,4,167.44592193640364
5,1,2,3,3,3,5,1,2,247.59381914427607
4,5,5,4,2,5,5,4,1,388.00617640069856
4,5,1,4,2,1,3,5,4,457.3904163009022
1,1,1,5,2,3,1,1,2,430.0586321902781
2,2,4,3,1,5,2,4,2,347.5858061970807
3,5,4,1,4,2,5,2,5,222.6620879239292
5,2,2,2,3,4,5,1,5,224.88294359902608
3,1,3,4,3,3,3,5,5,242.67213741281753
2,1,1,1,3,1,5,3,5,1.6918018991434423
2,4,3,5,2,1,2,2,4,366.0061812426959
2,2,1,2,4,3,1,4,2,170.57459440657826
2,5,2,4,1,2,4,4,1,419.0952404583669
5,5,1,2,4,3,2,3,3,299.334426999884
4,2,3,3,5,3,5,1,4,378.16908222728193
5,5,5,3,3,4,4,3,1,431.17397799989317
1,4,1,5,5,2,4,1,5,82.776100398609
5,2,1,3,1,5,5,1,3,138.8561863859558
3,2,2,4,4,3,3,4,5,210.24414246307023
2,3,4,4,3,3,5,2,4,375.1984981490054
5,1,2,3,3,3,1,3,2,389.11996622913614
5,4,4,2,4,5,5,3,4,259.4442324945731
3,3,1,2,5,2,5,5,1,213.78761732309684
1,2,5,3,1,5,2,3,2,205.1714414861463
2,4,2,3,1,2,5,1,5,89.7288722992663
1,4,1,2,3,1,5,2,4,222.13662164818516
2,1,1,5,2,4,2,2,3,53.00102661906452
5,5,1,3,2,4,3,2,1,397.7082725298812
4,1,2,4,2,5,3,1,4,246.28847963497336
3,2,3,4,5,2,5,3,5,138.33178528093634
4,5,3,2,4,5,3,3,5,323.6436055955043
4,4,2,4,3,4,4,1,5,283.42354996513143
1,5,5,2,4,3,2,2,3,281.1128997002565
1,1,4,2,5,4,1,5,3,315.3981108256876
5,1,2,2,5,3,4,2,1,413.8441118926049
4,2,1,1,4,2,1,3,3,324.84162040654303
3,1,2,1,1,4,3,4,2,34.808849436043914
3,3,3,3,3,5,1,1,4,362.5520869472718
3,5,3,2,4,3,1,3,1,368.7405842109153
2,1,5,3,2,4,5,2,2,321.10947840300275
4,2,4,2,4,1,2,2,5,237.2232590001247
5,2,5,1,3,4,2,4,1,208.83418418885847
5,2,1,5,1,2,1,4,4,406.32781748548575
3,5,1,1,3,1,2,3,2,200.3832186000667
1,1,5,4,3,5,1,4,3,318.1053101191177
1,5,2,4,2,2,4,4,4,294.8741266073909
3,4,5,1,4,5,2,2,3,301.23205564899735
5,2,5,1,4,4,3,2,1,433.54196807626846
2,5,3,3,2,2,1,5,1,224.992475206622
2,4,2,2,4,5,5,4,3,176.0021718963228
2,2,5,1,4,1,5,3,2,190.78794884871846
5,2,1,1,4,3,1,1,4,158.28423427608146
1,1,5,3,2,3,1,4,1,409.56351492846466
5,2,5,1,4,2,5,2,4,384.1088326052481
5,4,5,5,2,5,3,5,1,483.73022127217007
2,4,1,5,2,2,1,5,2,385.67805460716846
1,3,1,3,2,2,2,1,2,146.64423659902243
4,3,5,1,1,4,2,2,5,190.11770256603776
4,1,1,3,1,4,4,1,4,187.91413377000225
5,4,3,4,2,5,1,3,4,453.1226413392406
1,2,3,4,5,3,1,3,3,422.8528697516571
1,5,4,2,4,5,5,5,5,268.73854824107445
3,2,3,4,4,2,1,1,1,352.8380121390758
1,4,1,5,4,1,5,1,4,332.0472959995769
1,4,3,5,1,2,4,4,1,296.7557171422752
4,3,3,2,4,5,4,1,3,265.10013065899363
3,1,1,5,2,3,1,4,1,491.446258475772
4,5,1,3,4,2,4,5,4,344.9067622591952
2,4,1,3,5,5,5,1,1,322.8109493415689
4,2,1,1,4,3,2,2,2,326.6910923459832
5,5,4,2,4,3,2,2,4,424.8399065557586
5,2,5,2,5,2,1,3,3,391.20709947851697
1,1,3,3,2,5,1,1,5,266.5440652736943
4,2,2,3,1,3,4,5,4,313.3397069587883
2,5,3,4,4,3,5,3,5,377.87955741348185
3,2,5,4,1,1,1,1,3,293.0110390348151
1,1,4,3,4,2,4,5,2,145.42682216912235
5,2,1,3,2,1,2,4,5,307.428699738936
5,5,5,1,2,2,4,2,2,151.58541889533123
2,3,3,1,2,5,2,5,5,88.78179566215336
5,2,4,1,3,3,3,1,1,368.15826080073833
3,5,5,1,4,1,2,2,4,305.3733843537514
4,5,5,4,2,1,4,2,4,224.62833932970605
4,4,2,4,1,3,3,4,3,287.1073364551805
4,2,2,2,1,5,3,5,1,278.6831236161189
2,3,3,5,4,1,3,2,3,132.03716031826045
3,1,4,5,2,3,2,4,5,179.56826916062215
1,4,1,4,3,5,5,5,1,174.73419977659753
2,2,5,3,3,1,1,3,5,311.3241337164619
3,5,4,4,3,2,2,2,5,451.9375906772919
1,4,3,2,4,3,1,1,3,303.7582677158134
4,3,1,4,2,2,4,5,2,248.35047769746345
1,4,4,5,5,4,1,5,3,477.9001607703808
5,1,1,1,3,1,5,4,4,479.0900848317547
1,5,1,2,3,2,4,5,1,191.80497762974215
2,4,4,3,2,2,1,2,2,191.5287212506506
4,4,4,5,5,5,5,3,5,259.9462774975484
2,5,2,3,2,3,4,4,5,157.9529523998238
4,4,2,3,1,1,2,3,3,387.64207220993967
3,2,5,3,2,2,2,1,4,360.0958563746819
4,1,4,1,5,2,3,5,3,288.17749017011994
4,4,4,2,5,5,2,2,3,372.83614199952666
3,2,5,1,1,1,3,1,2,246.48495162322064
3,2,4,1,1,1,1,5,3,382.3128229233659
3,1,1,1,5,2,2,2,5,142.14164569951774
4,2,4,1,2,4,1,3,2,162.19601474798907
2,3,2,4,4,1,2,5,3,233.59387253566004
3,2,2,3,2,4,4,1,5,239.34669641476887
1,5,1,2,5,5,5,4,1,327.0059176078452
1,2,3,4,1,3,5,5,2,274.6605966919569
5,5,2,3,2,3,3,2,4,247.6966155847747
5,1,4,3,4,4,5,2,2,288.93267621768877
4,3,1,1,2,2,4,4,2,294.1647680858217
5,4,2,1,4,3,1,2,2,224.36540867198016
2,1,2,1,5,3,2,5,4,263.52528178513967
1,3,3,4,1,2,1,4,2,286.62932576548224
5,5,5,3,4,2,2,1,5,532.0388623508544
2,2,1,2,4,4,2,2,3,267.42468991191384
1,1,4,1,1,5,5,4,5,182.4747525649168
2,1,1,4,3,3,3,4,5,197.32517695381406
2,5,1,5,2,3,4,4,1,153.88556786197074
4,4,1,5,1,5,5,2,3,429.57975786535155
5,1,1,2,3,5,5,3,4,311.5833566967855
1,1,3,3,4,4,2,2,4,319.80433474172617
5,5,3,5,2,3,4,1,4,312.7818490936261
3,4,3,4,1,4,3,2,1,298.054830951253
1,5,4,2,5,2,4,4,3,149.49200828947332
1,4,4,5,4,4,4,5,2,252.95152268920114
4,3,1,1,2,1,5,5,5,488.6860365790076
4,5,1,2,3,2,2,3,4,348.5801792081702
3,3,1,5,2,5,3,3,2,284.6017029897755
2,5,1,2,5,4,2,5,2,304.03632476989833
3,5,5,1,1,5,3,1,3,280.8251949474077
2,4,3,2,2,5,3,1,2,247.81469146849497
3,5,4,2,2,4,4,1,3,300.25439518016475
4,2,1,5,3,5,4,2,3,298.36033430943075
3,1,1,5,1,5,2,4,5,239.35151801738488
1,2,3,1,5,5,3,3,3,161.63230038521922
2,5,2,1,2,2,1,5,2,248.16217132835968
2,3,1,3,2,4,1,5,3,264.9832587379683
2,3,1,1,1,3,5,2,1,211.07161321968786
5,4,1,2,3,4,3,5,5,349.8010402449041
2,3,2,5,3,5,2,5,3,293.49906991657764
5,2,4,3,2,2,2,4,5,341.8246988092853
2,2,3,5,5,4,2,1,3,282.8542020057989
3,5,4,3,4,2,5,3,3,320.82094135632326
4,5,2,5,5,1,1,3,3,336.82060211261785
4,1,5,3,1,2,5,5,5,297.06557858250375
5,3,2,5,3,5,4,3,1,346.31656636933894
1,3,2,3,4,1,3,2,3,218.64141633462725
5,4,4,1,2,2,2,1,4,361.19500360209315
2,5,3,1,4,2,5,1,2,242.2378407899576
5,2,3,2,3,2,1,3,5,327.38002100925195
3,3,5,3,4,1,4,1,3,313.1479638363772
1,2,5,2,3,5,2,5,2,247.00238212019096
3,5,1,5,2,2,5,5,2,320.2760969492696
3,5,5,5,4,1,5,3,3,349.37984678757164
4,3,4,4,1,5,3,5,2,305.4229457790157
3,3,3,2,2,4,4,5,2,287.6386847905061
3,2,4,4,1,2,2,3,5,303.8148955895812
2,2,3,2,2,1,2,2,2,215.32863547685614
2,3,5,5,2,1,4,2,4,304.21335883848786
5,1,5,3,5,4,3,5,4,325.2507775258878
2,2,1,1,3,4,4,5,5,211.54146630953423
4,2,3,5,3,4,2,3,3,369.21817648414907
2,1,4,1,2,4,3,1,4,211.5154618224296
4,5,3,3,3,4,2,4,2,367.26401143079465
5,1,4,3,1,2,2,1,5,300.3817544476333
3,5,5,1,1,1,2,1,2,290.12337610174245
5,2,1,3,5,1,3,3,4,265.1177004250401
1,4,5,1,3,5,2,2,4,283.3782649609392
3,3,5,5,4,5,1,3,4,361.27537240842315
5,1,3,2,5,1,3,1,5,245.30077544084975
2,3,3,1,5,5,2,2,2,215.2997625335905
5,2,4,5,3,5,5,3,2,339.46108667885835
2,3,3,3,2,2,5,5,3,264.7512556743096
1,5,4,4,4,5,1,1,5,261.5399316761725
1,4,5,4,2,3,3,1,4,341.81312888796384
5,4,5,1,2,2,1,3,2,384.37567148276895
1,1,4,3,1,5,4,4,4,160.52941233025737
4,5,3,5,4,5,2,5,3,348.88254632124625
2,3,1,2,5,2,3,1,2,225.77624769541555
2,1,3,3,2,3,3,5,4,248.40908314345796
4,3,1,2,3,4,5,5,1,303.5747172988921
3,2,5,2,1,1,5,4,3,250.39469508764
5,1,1,3,1,3,3,5,1,275.82887417511853
5,1,5,1,4,4,3,1,1,302.3583848020056
1,1,4,4,5,4,2,5,1,232.0472694850575
5,5,4,1,3,2,4,5,5,339.27698103274986
5,5,4,2,4,1,5,3,4,303.8210588548062
3,3,2,4,3,5,2,5,2,314.7671644335652
5,2,1,4,5,5,2,5,1,279.6191595875745
3,1,1,5,3,2,5,4,2,289.95479648749466
1,2,4,3,1,1,5,1,1,185.09926089095435
3,2,4,5,2,2,1,3,5,340.09754049027396
2,1,1,3,3,4,5,2,1,219.40000915499533
4,3,1,4,4,2,3,3,5,325.9995210269241
5,1,4,2,4,4,4,5,1,280.97508714490533
5,1,1,4,5,1,5,1,2,246.94682151203722
2,3,1,5,4,3,2,5,2,310.4664111625953
3,3,5,1,5,1,1,5,3,292.3247267281844
5,2,4,2,3,2,5,3,4,319.6067678489185
1,3,1,2,1,3,5,2,2,199.02146795200633
5,3,2,5,5,1,2,3,3,340.57594322151084
5,2,5,4,5,1,2,3,5,340.83678111690966
5,1,1,5,5,2,4,5,4,291.0746656488671
4,3,4,5,1,2,1,5,1,361.2689181772425
5,3,5,3,5,3,3,3,4,382.32094804267905
1,3,2,5,3,3,1,3,4,320.4376097789761
3,3,5,5,5,5,2,4,3,350.513633112009
2,3,2,1,1,5,3,3,3,186.1751625320192
3,1,5,2,2,5,2,1,1,261.8743448748175
2,2,3,3,3,5,1,1,3,248.9173729013595
2,3,3,4,2,3,1,1,2,309.6742439908521
1,2,5,2,4,2,3,4,5,246.44072635738948
5,4,2,4,5,3,3,4,4,372.9922590876112
1,3,4,3,5,1,3,1,2,228.46692316237392
5,1,1,1,1,1,5,2,1,195.85763305284024
2,4,5,1,2,5,3,3,5,276.656206494013
1,2,5,3,5,1,4,4,5,218.5345311309002
5,4,1,5,3,4,2,3,4,411.0376449660651
2,1,2,1,4,3,3,1,3,204.37391072164812
5,4,4,1,1,3,5,5,1,337.1056225052324
1,1,1,4,2,2,2,1,2,210.65525799711088
4,5,1,2,5,1,2,5,2,276.1776334371799
1,5,2,2,2,1,1,1,5,215.1717671823887
1,3,5,2,2,3,3,2,3,286.31430082243645
4,3,3,4,4,4,3,2,1,346.4235476963098
4,1,2,4,4,3,5,4,5,293.71691774255333
3,5,2,4,5,2,1,2,3,318.7126502723355
5,2,4,1,2,4,5,2,1,288.1777866500063
1,1,2,3,1,4,1,4,5,187.96066910364613
2,5,5,2,1,3,1,3,5,299.8938343588937
5,5,1,4,4,4,2,2,3,353.5537159595219
5,1,3,3,2,4,2,5,3,310.99922135367734
4,1,3,1,5,2,1,5,5,261.89097984066984
1,3,4,4,3,4,2,1,4,304.69201710564874
3,5,1,3,5,2,5,5,4,280.82357529638045
2,1,3,3,1,4,2,1,5,220.69862963249702
2,4,2,3,1,5,3,1,1,242.73554706360972
2,1,4,1,4,2,5,3,3,201.56211566169162
5,3,3,3,1,3,1,2,2,352.36078864175994
3,1,1,4,3,3,4,3,2,287.45126416248576
4,5,3,2,2,2,1,5,5,330.74413782833085
2,2,5,5,3,4,1,2,1,345.6797311924331
4,2,3,2,3,1,5,1,2,273.7817765605516
3,3,4,3,5,5,5,5,5,272.44574148453216
3,2,4,4,1,2,2,5,4,299.89841393083987
4,3,1,4,5,2,3,3,5,316.71305812656004
5,3,1,4,1,5,3,1,1,283.4724988836723
3,5,2,3,5,2,2,5,4,309.0512114836577
3,3,2,2,1,4,1,3,2,275.7794172101821
2,2,1,5,1,1,4,3,3,207.0671249396922
3,3,1,5,1,5,2,2,3,283.87225174203894
5,1,3,4,5,1,2,5,3,286.6145231087149
2,3,4,4,5,4,1,2,5,294.4719664586086
5,4,5,2,4,3,5,5,3,390.67144158198374
2,1,5,4,4,1,4,4,5,241.92487925336957
5,5,2,4,4,3,5,2,5,354.5440899975148
1,4,1,2,1,1,5,4,1,187.43734767094452
2,1,1,4,4,3,1,4,5,246.04803639249084
4,4,4,2,2,4,5,1,4,338.02841824499967
1,2,1,1,5,1,1,2,5,154.1156294749663
3,2,1,5,2,5,2,4,4,283.25190883282477
4,5,5,2,5,2,3,1,2,341.50312538801086
1,2,4,1,4,1,4,2,1,173.1557649239334
2,5,4,5,2,3,5,4,3,325.5019709633306
1,4,2,5,1,4,2,4,2,287.70723936983586
2,5,4,1,1,3,2,3,5,264.6901041396886
3,3,4,4,4,2,2,4,1,343.0331655555637
5,1,5,4,4,2,3,5,4,345.7299704525038
4,5,1,2,5,4,1,4,5,300.1688632518293
1,2,4,5,4,2,4,1,2,262.5694764865657
2,5,1,1,2,3,4,5,1,235.198346028142
5,2,5,3,3,3,4,2,3,379.9233317337118
5,4,2,4,3,4,4,2,1,381.2658423533115
3,5,2,5,4,2,4,1,1,328.80710990478264
2,4,1,2,4,1,5,3,3,225.7707305918377
5,3,3,4,5,4,2,2,1,355.242613208515
5,3,2,4,2,4,1,3,1,354.571531977244
2,5,1,5,5,5,2,4,1,260.9054129635541
3,4,1,5,2,4,4,3,5,339.3760262157949
2,2,3,5,3,3,4,3,1,304.76466733680354
5,1,5,4,1,5,3,5,3,294.52366243563
5,5,3,2,3,2,3,3,1,349.2645020184217
4,4,2,3,1,1,1,1,5,312.9188648720891
3,1,2,2,3,2,3,3,3,258.2830246475536
4,5,5,3,3,4,5,4,2,385.76567278210865
2,1,4,1,4,5,4,3,5,171.05534311053714
2,5,3,4,2,2,5,2,4,280.0230302432274
3,5,2,3,5,3,1,3,1,324.4456454882653
5,3,5,1,5,2,4,4,2,329.43302631091825
1,4,4,1,1,5,5,4,4,199.52359328102753
2,4,4,3,2,5,5,5,2,273.19346078286145
1,4,3,1,3,4,3,4,5,270.07843740248313
2,1,3,3,4,3,3,2,3,243.6261787339229
1,2,5,4,1,3,2,1,1,279.73314186288684
4,4,3,3,1,3,3,1,1,357.60187702336344
5,1,4,3,4,4,2,3,4,320.46925269765734
5,1,4,3,4,2,3,5,1,309.2272355845574
1,1,1,2,3,2,2,3,3,200.34220228034215
3,3,5,1,5,3,1,2,4,336.0484437817893
3,2,2,3,5,2,2,5,2,279.6763184055836
2,5,2,3,3,3,5,5,2,293.61348929914595
2,1,1,2,3,4,4,1,5,197.50258162765894
1,5,2,4,3,1,1,1,2,264.78211461984296
4,3,3,3,3,3,3,3,1,371.9797944479867
5,1,1,4,1,1,1,2,2,253.97619203041313
4,2,5,3,5,2,3,3,2,333.47529089593996
1,2,3,5,2,4,4,2,1,252.98694670354647
3,1,1,1,1,2,1,3,1,207.61011081525706
4,4,2,2,5,3,3,5,2,335.35740988433474
5,5,4,1,4,1,1,5,5,314.77356740923875
4,3,2,3,1,5,3,3,3,277.4507343788705
2,1,1,3,3,3,5,2,2,233.06450169277056
3,2,2,2,4,1,4,3,5,225.82857660991556
1,3,5,3,3,5,1,3,1,291.0213145062551
4,5,3,3,3,2,5,1,4,351.01038026212495
5,4,1,4,2,2,1,4,4,371.07883329025407
2,5,3,2,2,1,1,3,5,247.24215354008643
3,4,1,2,2,3,3,1,5,312.628442556272
2,5,1,5,5,4,5,2,3,267.066594694279
4,4,2,1,5,4,4,5,3,298.6998432716092
3,5,1,3,2,4,3,3,3,299.1169769103128
3,3,5,1,5,4,4,2,4,300.25596456300764
3,5,4,1,3,4,3,4,4,322.01464617011084
4,2,5,4,1,2,1,4,5,343.878502272526
4,4,3,1,1,5,3,1,3,279.80200780183173
3,1,3,5,1,2,3,4,3,281.88215652588536
1,3,1,1,4,4,2,3,5,215.12541993422323
3,1,5,4,3,1,4,5,3,301.50809261189755
4,5,4,3,1,3,4,4,5,335.4579801366287
4,3,2,5,2,3,5,1,5,360.7922359547138
4,3,1,1,3,5,3,5,2,275.95904088126923
3,1,1,4,3,3,4,5,4,283.6476568871188
1,2,2,5,2,2,3,4,5,246.43782252076934
3,4,4,5,5,5,4,1,5,327.34761954407406
2,5,2,3,2,2,1,2,3,279.0704086479451
2,1,1,2,1,1,4,3,3,135.89358578373685
1,1,5,4,3,1,1,3,4,259.1574146385278
4,1,3,4,3,4,3,1,2,320.11749766933826
3,2,4,3,1,3,1,3,1,302.99452395887647
1,4,4,4,3,4,3,3,3,319.19911467418495
2,3,2,2,2,3,1,5,4,270.22707333064653
3,3,1,1,2,3,2,3,4,289.45147042745725
3,2,1,5,4,1,1,4,5,284.3680186380653
5,3,3,4,2,3,4,5,1,361.72170943855014
2,4,3,4,5,5,2,1,1,277.8931338945643
4,2,4,3,5,5,1,3,3,288.7672702193404
5,2,5,2,1,2,2,1,1,324.2970791242866
5,5,5,4,2,4,2,2,1,404.39314801076995
5,3,2,5,2,1,2,4,1,348.4748914088044
1,5,3,1,1,2,4,3,4,198.45393036178507
2,2,4,3,3,1,5,1,4,245.906659452877
3,1,4,5,1,2,1,3,5,298.5130001484362
1,5,3,2,4,3,2,1,2,264.4274805395858
1,4,4,1,3,5,3,3,2,248.04921694044114
2,4,2,4,5,4,2,1,5,298.24490230824375
4,2,3,2,3,2,1,4,5,321.0617124228759
1,2,1,1,1,3,4,5,4,165.29967094010794
2,4,5,2,3,4,3,3,3,334.94199445817475
5,2,1,4,1,2,4,1,5,279.2754237904336
1,1,1,2,3,2,1,3,3,200.71620768881243
5,3,4,2,3,2,4,4,1,344.2840292728772
5,3,5,2,2,3,3,4,2,375.0040500935732
3,3,1,2,1,5,4,1,2,217.15786806589435
4,2,3,5,5,4,4,1,4,319.79963574670995
2,2,5,2,2,4,2,1,1,276.7073248811234
4,1,3,5,3,2,2,2,4,349.60021655395894
3,4,2,1,5,3,1,4,1,316.6471397706436
3,1,5,3,3,3,3,5,3,340.76981418183993
1,4,1,5,2,5,4,5,3,248.90235578160014
4,4,3,5,5,1,1,5,3,364.64562083551226
4,5,2,2,1,1,4,2,5,254.61015985851435
2,3,2,4,1,4,3,1,1,256.8460707389587
4,5,5,2,3,2,4,4,2,364.68532772579255
3,4,4,3,3,5,3,3,3,341.52419869691414
1,3,1,2,4,1,4,5,5,178.39291663923962
5,1,2,2,2,2,4,5,1,260.3876321757564
3,4,3,1,4,1,4,1,1,275.11564558232413
1,2,1,3,2,4,1,3,1,216.64456211710376
5,1,3,3,2,1,1,1,1,283.8840844201941
3,4,2,2,3,1,1,4,3,316.29930050614115
3,2,4,5,3,2,5,1,5,338.5986855425198
5,3,3,4,3,3,3,2,2,391.7131366315103
4,2,4,2,3,1,4,3,4,285.7443590826158
1,2,5,5,2,4,4,4,4,283.8661935980521
2,3,5,2,4,3,1,5,2,312.1744517642194
4,4,2,3,1,5,2,2,2,309.71353936243435
3,3,2,1,3,2,5,1,1,285.71831795892297
1,3,2,5,2,1,4,1,4,240.30331408877834
3,3,1,3,5,3,5,4,5,288.7667961057523
5,3,3,5,4,4,5,5,1,362.81405315282115
3,4,2,4,4,3,1,1,3,366.08393441576465
1,1,1,4,2,5,2,1,3,179.45804699322414
1,2,5,2,4,2,2,3,5,254.14798217107304
3,1,5,5,5,2,2,2,3,335.3439380695854
3,1,1,2,3,5,5,2,4,209.24703197754624
3,3,4,3,4,5,2,3,1,305.5305467273388
1,5,3,4,4,5,4,4,5,230.84986483153708
5,2,5,3,2,1,5,3,1,319.7342525340515
4,4,5,2,2,3,5,1,4,379.5365058043869
2,4,3,2,2,5,5,3,4,241.84617604670336
2,2,3,4,1,2,5,1,3,230.82339940434204
1,2,5,5,1,5,4,2,3,233.4128287349042
3,3,4,5,5,5,1,5,3,325.2581525611848
3,3,4,3,2,5,2,4,1,304.52804819954224
3,2,5,2,4,2,3,5,1,305.16391862695286
2,2,1,2,1,4,4,5,4,181.35596274955594
4,2,2,5,4,4,1,1,5,340.93430648046717
2,4,1,1,4,2,5,5,5,239.33548351508918
5,5,5,3,2,3,4,2,4,389.1755417987551
3,3,2,4,1,3,2,2,4,321.3214997214507
1,1,2,3,2,1,4,5,1,164.4031991539219
5,5,1,4,1,1,1,3,1,305.7810104483025
2,2,5,4,3,2,1,2,1,323.4675501981681
5,1,4,4,4,3,4,2,1,323.24456341592906
3,2,1,1,2,2,3,3,2,238.95529815752087
4,5,4,3,3,2,2,1,3,379.6603515624581
3,2,1,4,1,5,5,4,3,219.426993330287
1,2,5,1,4,3,3,1,2,248.16922519251747
2,1,3,5,3,5,1,5,2,258.26942373567994
1,3,1,5,3,5,5,5,3,246.53940059547338
2,3,1,1,2,1,3,2,2,200.25499429577118
5,3,4,3,4,4,5,2,1,342.13420950972693
3,5,2,5,2,2,4,2,5,331.42222878338373
1,4,3,4,4,3,4,4,3,295.8297191531187
2,3,1,1,4,2,2,1,2,239.20510796527606
2,5,1,4,4,3,1,4,2,293.61412218578437
4,1,3,3,4,5,4,4,1,249.50833513372194
1,5,2,5,1,3,5,1,3,264.7840540699541
2,2,5,1,2,1,3,1,3,231.28614460897074
2,3,5,5,4,1,2,1,1,326.3368745002189
1,1,3,5,2,5,2,4,2,219.66866310269992
1,3,4,3,3,1,1,1,1,270.94294006232167
5,1,2,1,3,3,5,1,1,286.2022786519333
3,4,2,3,3,4,1,2,2,358.22154439113064
3,5,4,5,5,1,5,2,5,313.495874702358
1,5,1,4,1,1,2,4,4,213.05416353421631
2,2,3,5,4,3,2,2,4,301.6512520079983
4,3,1,4,5,3,5,4,4,319.40174885725537
5,4,5,1,3,5,4,4,3,354.7041449435047
4,3,4,4,2,4,5,3,1,344.81157510238575
3,2,3,3,5,4,5,2,2,268.42416191999394
1,4,4,1,1,3,2,2,4,264.2579136285719
3,4,4,4,2,4,1,1,1,368.2090335385784
5,4,4,1,1,3,3,1,3,342.0396689332166
5,2,5,3,1,3,2,2,1,360.4790130857592
2,3,5,5,1,4,5,4,1,309.6756810777785
5,2,2,2,4,2,1,3,4,299.89836355814253
2,1,2,1,3,4,2,1,4,220.30569366963786
5,2,2,1,2,3,1,1,2,307.3230934463775
1,1,3,5,1,1,2,3,2,206.61273856596918
3,2,3,5,1,4,3,4,4,256.1591282991687
5,5,1,3,4,1,4,3,2,344.6941883182751
1,3,4,1,2,4,2,3,1,184.65146997344596
4,4,5,4,3,5,4,1,3,454.15141443527386
4,4,4,2,1,1,2,2,5,459.082921526023
2,5,1,2,1,2,1,4,3,236.24831252163025
2,5,2,1,5,3,3,2,3,402.8899668370554
5,1,1,5,5,3,3,3,1,342.15143473465366
1,2,5,1,5,5,4,4,2,12.049483589816042
3,3,4,4,2,5,5,1,2,61.74813163056329
2,3,4,3,3,5,2,4,4,203.06439776720822
4,5,4,1,1,3,1,3,2,302.5782015047924
4,4,4,4,2,4,4,5,4,363.04579065833394
4,3,1,4,4,4,5,2,3,290.92727410047735
3,2,4,2,1,5,4,3,2,130.0312866410502
3,1,3,5,5,4,5,4,1,401.46370106252306
2,3,3,5,1,1,4,3,1,248.9168305679018
4,1,2,1,3,1,2,4,2,315.8800764100246
2,5,3,5,1,1,3,1,1,212.113496692401
2,5,1,3,2,3,4,3,1,317.6463587135374
2,4,2,4,5,2,1,1,3,258.23856198488306
5,4,4,1,1,5,2,1,5,297.2643380749116
3,5,4,2,4,5,5,1,5,146.50677776343122
5,2,4,5,1,1,4,3,2,435.6232042967266
2,2,3,1,4,2,1,3,4,167.65093548127817
5,3,1,1,1,4,4,4,2,214.4589187681393
1,5,3,3,3,4,2,3,3,442.81231996197766
2,5,3,4,4,4,5,2,2,192.98884709815744
5,1,3,1,2,4,2,4,3,306.8158755174837
3,5,1,1,3,5,2,2,3,434.6778152985484
1,4,3,4,3,1,2,2,4,293.3715350533062
1,3,3,5,3,1,1,5,2,345.05320259859013
1,5,5,5,1,1,2,2,5,246.8910097758909
5,1,1,3,2,5,5,5,4,164.0751277934299
2,5,3,2,2,1,4,5,5,158.48337090103607
5,1,3,1,4,3,4,4,1,394.1039746156622
3,5,3,3,3,1,2,5,5,329.3977878132188
2,1,2,5,1,5,5,5,1,105.96097952304882
2,5,3,5,1,2,1,4,3,347.47273913337654
2,2,2,3,1,2,5,3,2,251.80189407713277
1,5,5,3,2,4,5,2,2,198.56442761813713
4,4,3,1,5,3,2,5,5,510.57294317815905
1,5,3,1,1,1,1,1,5,277.76090969909285
1,3,3,2,4,1,4,2,5,110.78786984117951
2,3,2,3,4,1,2,5,1,330.10185321689846
1,2,5,1,3,5,4,3,5,146.2905281731817
5,3,2,1,3,2,1,3,3,442.96302296820335
3,4,4,4,5,2,4,2,2,260.27505343790983
1,2,3,2,4,1,4,3,2,114.66984688275629
3,3,5,3,4,2,2,2,1,394.45232979056976
4,3,5,2,5,3,1,4,2,285.7662007679689
2,3,4,5,4,3,5,2,5,492.8399773709991
3,4,1,3,4,4,2,5,2,247.75763177571588
2,5,1,5,3,4,3,1,2,419.3750328679766
5,3,5,1,4,2,4,3,5,297.5776367523473
5,1,3,3,1,1,1,1,3,194.58037190529558
4,4,3,3,2,1,1,4,2,318.8238641371794
3,5,1,4,5,2,1,3,4,166.67166806612312
5,4,5,3,4,5,2,1,2,260.29387897771005
2,3,1,3,2,5,4,3,2,221.36243664382232
4,1,2,5,2,2,3,2,2,334.74618606555055
1,5,4,2,4,3,3,1,1,337.36941148722207
3,5,5,4,3,3,2,5,2,428.4722391911174
3,4,3,3,5,5,4,1,2,464.44751402712217
2,5,5,2,4,4,3,2,4,265.1945552189267
5,1,2,2,5,3,1,2,2,209.6248130418253
5,3,4,1,5,2,4,1,2,292.13196588284484
5,2,3,5,4,2,2,2,4,259.72787569245116
2,5,2,5,4,1,3,4,1,346.8371534486278
2,1,2,1,3,3,3,1,4,212.147450509064
5,5,5,4,1,5,1,1,5,263.9030429601671
1,5,5,3,5,4,3,4,4,279.8799032351983
1,5,2,5,2,3,4,1,4,208.54508071308433
5,3,2,3,2,2,3,2,4,422.80536088797334
4,5,2,5,3,5,5,5,3,358.4927858307996
1,1,1,5,3,4,4,1,1,68.27403105812847
1,2,3,3,1,5,4,1,1,248.4782051066129
4,5,4,3,3,4,3,2,2,418.4014252965922
3,5,1,1,2,4,3,1,3,135.55230272557753
1,3,5,4,1,2,1,1,4,361.8417585239771
3,4,5,5,1,5,4,1,5,343.0677955475376
5,5,1,3,2,2,4,5,2,321.5283149518347
4,2,3,5,3,3,3,3,5,373.87799341712446
1,5,3,3,5,2,2,3,1,257.77869770378345
1,2,5,3,3,5,4,5,1,246.61370515249303
4,1,5,4,1,1,3,4,3,290.1017421679958
4,4,3,3,4,3,4,3,1,365.73675571857626
3,2,5,2,2,3,2,2,1,328.67657982944115
5,3,1,5,2,4,2,5,4,366.0459766827886
1,1,5,5,2,4,3,3,3,273.17905145949
4,4,4,1,2,2,1,3,4,351.25436616249044
2,4,1,5,1,3,1,3,3,316.16818202061745
5,4,4,1,4,2,1,1,5,358.7447619525577
5,5,5,5,4,5,2,4,2,392.5644427526753
3,1,2,5,4,3,5,5,5,295.34230075560316
4,2,4,2,2,3,3,5,1,315.12112039072974
1,4,4,2,2,2,4,4,5,259.83784094798773
5,4,2,2,5,1,3,4,1,306.8464675066104
5,1,5,3,2,5,3,5,2,304.26781401065824
4,4,3,4,2,3,1,3,3,393.7026332529074
1,3,5,2,5,1,4,5,2,222.08560991850106
3,4,3,4,5,3,1,5,2,363.8044188529379
3,4,2,1,2,1,3,4,5,274.5179792478829
4,1,4,4,1,2,2,2,3,299.3891283951923
5,1,5,2,2,4,2,1,5,326.33412410261536
3,1,3,5,3,1,1,1,4,307.2226330634518
5,3,3,1,2,3,2,1,1,340.7428361120062
4,2,4,5,5,2,1,1,4,347.52772429745147
1,2,3,1,2,1,5,5,4,163.36796276017424
2,2,5,5,4,2,4,2,1,305.88076994610856
2,2,2,5,1,1,2,3,4,235.45365333701844
3,3,2,1,3,1,1,3,4,278.6670931708104
4,2,2,4,2,5,3,2,1,282.60033624157705
4,4,1,4,3,3,4,5,5,373.03019292250286
4,3,2,5,3,2,4,5,3,366.09198697062124
2,1,2,4,1,3,3,1,1,225.17386380834796
2,4,1,4,1,5,1,1,1,252.2366102825751
3,2,4,2,4,2,5,5,2,267.4902776356376
1,5,2,2,2,5,3,3,3,199.29913548129244
5,4,3,1,5,4,2,4,5,343.9055851026968
2,5,3,3,1,3,3,4,5,274.3075377360966
4,1,5,2,5,4,1,5,3,302.60778101208285
1,5,5,4,1,1,1,4,3,268.4064096396396
1,4,2,4,4,3,1,3,2,304.7738908470149
3,1,5,1,2,2,4,1,1,263.44033735870045
2,4,2,2,2,3,1,4,2,296.7758923643318
1,4,3,5,2,2,2,5,3,321.7997618870975
2,5,1,3,2,1,2,2,2,244.20049778986615
2,1,1,3,4,4,5,2,5,197.13424203910347
1,3,2,5,2,5,1,5,5,254.51447210341942
2,4,3,2,2,3,5,4,3,287.7180830305564
1,5,4,3,5,5,2,4,3,239.89244503920403
2,2,4,1,3,3,5,5,1,255.5232519989992
1,4,3,2,4,2,2,2,2,269.4838968923918
1,1,2,4,2,3,1,5,5,236.02876333238552
4,4,3,1,4,3,3,2,1,344.01970880072986
4,5,5,3,4,4,5,4,4,361.5186414103559
4,1,4,5,1,4,5,3,3,300.337991811278
1,2,3,3,3,1,1,1,1,236.44837767633913
4,3,4,4,1,1,2,5,1,318.4105972564575
3,2,3,3,4,2,1,4,2,299.5777869928025
4,5,5,4,1,5,2,5,3,346.713125041509
5,2,5,4,1,4,3,1,2,343.78371596462125
3,3,4,1,4,1,3,2,4,273.0847882221473
4,4,2,1,1,3,3,2,1,316.2789145360157
5,5,5,5,2,5,1,4,1,397.26890270789954
1,5,5,3,1,2,1,2,4,282.3323026248054
2,3,1,2,3,4,2,4,5,265.1173250578028
3,1,2,4,3,5,4,5,2,250.5413575443289
3,5,2,3,4,1,5,1,1,271.781260028732
5,2,4,5,3,4,4,5,5,369.63572686747005
4,4,4,1,1,2,2,2,3,330.16504496378667
3,5,3,4,1,3,1,1,4,336.83902523032634
4,1,2,1,1,3,4,3,3,234.9203622780212
4,5,1,1,4,2,4,4,4,279.5632898272935
2,2,2,1,5,4,3,3,3,197.86361213368053
1,1,4,2,1,1,4,5,2,142.8171615810496
2,1,1,5,1,5,5,4,2,180.64520203422575
4,3,5,1,2,1,2,2,1,325.77235379543464
1,3,3,3,4,1,5,3,1,220.04699004908412
3,5,2,1,1,4,4,2,5,249.91992976993174
5,3,5,4,5,2,1,4,4,391.89371731452803
5,2,2,5,1,3,3,3,1,332.20258239258766
2,2,1,3,4,5,3,3,2,200.03725084759134
5,4,4,1,4,1,4,4,2,315.9019598730158
2,5,3,5,3,5,3,3,1,300.8392033688811
4,1,4,2,5,4,2,4,5,279.7660392931846
3,5,5,2,1,1,3,4,2,286.59259484920165
2,3,5,2,1,4,4,3,2,259.1883854738271
4,1,3,3,2,2,5,1,1,281.4496810181909
3,3,2,1,4,5,4,5,5,236.3854475372881
2,1,2,4,2,1,2,1,1,216.92054085231192
3,1,3,2,4,1,1,1,5,236.16421139605913
4,2,1,1,4,5,4,4,5,219.47717006734032
2,1,4,3,5,1,5,5,5,193.34375552684102
2,4,5,2,5,4,5,4,3,295.1062574554689
5,5,2,5,1,1,5,3,2,316.3621421402402
1,5,3,5,3,1,1,1,2,295.29167069995725
1,1,4,3,1,1,1,4,3,183.8021177531153
3,3,2,4,5,2,1,4,1,315.31949247954867
2,2,5,2,5,2,2,1,3,264.04583441322944
3,4,3,4,1,3,4,3,4,334.19369490824226
3,3,1,5,3,4,5,2,2,336.9930611862531
3,1,1,1,1,4,4,5,3,190.25970311366396
5,1,3,1,1,4,2,1,1,259.3216188088774
3,3,2,5,3,1,1,5,1,340.6872122114017
1,3,4,1,2,4,5,5,4,225.15170440527424
3,1,1,4,4,1,4,4,1,226.87372901151394
3,2,4,4,4,2,1,2,3,318.69501104697633
4,5,1,5,4,2,2,2,4,359.53602783646267
5,5,1,3,5,5,3,1,5,286.7542797673056
1,5,3,1,4,5,1,5,5,211.395731211394
2,4,2,3,5,4,4,2,2,269.895161967613
4,5,5,5,5,4,5,3,5,383.3196625155624
4,1,1,1,4,2,5,4,1,229.4793469991743
1,5,4,2,3,5,1,3,1,249.63324578055688
2,4,3,4,1,2,5,3,2,280.33646481649305
4,5,3,5,3,5,5,1,1,350.60813684456315
5,1,3,4,2,2,5,1,5,299.3023471178737
2,4,4,3,1,4,4,1,2,279.7744468412575
4,1,3,3,4,3,4,2,5,294.245463308092
1,4,1,2,2,4,5,2,1,229.2470799898611
2,3,4,2,4,5,3,3,4,232.42758556623926
2,2,2,4,2,3,2,2,5,275.06025207098037
1,2,5,3,1,2,2,3,2,254.24664273369115
1,3,4,4,3,1,4,4,5,260.31153215168735
4,5,5,5,5,3,4,3,2,396.10325627890717
5,1,5,1,5,4,3,2,1,294.4740984514455
2,3,5,2,5,1,3,3,4,253.61244207905366
2,4,3,2,1,1,5,1,5,226.68776538332017
2,3,2,3,1,4,2,2,5,255.45684910504139
4,5,5,5,3,4,5,1,2,414.36791682248634
3,2,1,5,2,2,1,4,3,311.28309248627926
2,3,1,4,2,3,3,4,2,281.810089356795
4,5,1,5,3,4,1,4,4,382.205838210884
4,4,1,2,1,1,3,1,1,274.79206897080434
2,1,4,5,4,2,3,4,5,268.6595020685243
4,5,5,4,4,4,5,2,4,375.18734274278
3,1,2,2,3,3,5,3,5,264.2711270915964
1,5,1,1,2,1,5,5,4,176.54361915127566
5,5,1,3,5,2,3,5,3,322.00599155274296
3,1,1,5,3,1,5,4,3,266.30366793790756
2,4,5,5,2,2,3,5,5,368.2299355893409
3,3,1,3,2,5,4,3,2,255.47503231292546
1,1,3,4,5,5,3,5,1,179.00066938964693
1,5,1,4,1,1,2,3,5,216.0808317887311
2,1,1,3,1,3,4,1,3,192.52048563471735
1,5,4,1,2,4,4,4,5,228.1514541407962
4,2,1,2,2,4,1,3,1,280.266289674202
2,3,3,2,4,5,3,1,2,225.32403599533393
3,3,5,1,4,4,3,5,5,320.79913238590024
1,2,3,5,4,5,1,3,4,240.62436784446243
2,4,1,2,4,5,1,3,5,239.99494705868076
4,2,1,2,3,3,5,2,1,293.3223422893717
4,2,5,1,1,1,5,2,4,261.5578940290386
1,5,2,5,3,2,1,2,4,308.77531620700785
3,5,5,1,4,2,5,4,4,315.7583300084354
2,2,2,1,1,4,2,4,4,199.6885338299677
4,4,1,5,3,2,4,4,3,381.533448566596
3,4,1,1,5,1,5,1,2,245.85835805318465
2,2,4,3,2,2,4,2,1,251.9902298276143
3,5,3,5,2,1,2,1,5,333.03457146828663
3,5,5,3,2,1,3,5,4,328.9141555355972
5,4,2,2,4,4,3,2,4,336.9726926019386
3,1,5,1,4,2,5,3,1,266.5278967281251
5,2,1,1,5,3,4,1,5,264.6099730300737
4,1,5,4,5,3,1,3,4,347.12788914663815
5,1,2,2,2,2,3,2,3,269.722318335635
3,4,3,3,1,2,5,5,1,313.4744664520861
4,1,2,1,4,4,4,3,5,240.39258050876606
4,4,4,4,3,4,3,1,5,400.0371342671652
2,3,1,5,3,1,4,3,4,270.31199373157216
2,3,2,4,3,1,2,5,5,281.59508144380794
1,5,1,2,1,5,3,5,1,170.03577242174043
2,2,4,1,4,5,1,1,2,209.8523231648526
4,4,4,5,4,3,2,4,1,425.6905641663349
5,1,1,1,2,4,1,1,3,260.2674316865566
5,4,1,4,5,5,4,4,5,309.9015759058658
1,1,4,3,5,5,5,4,5,171.32031905483515
1,2,5,2,2,1,2,3,1,230.26793932190628
1,3,5,2,4,4,1,1,3,279.96761644205276
2,4,1,3,5,1,4,4,2,235.361313375851
3,3,5,3,1,2,3,1,4,327.3657103950031
3,3,4,4,4,3,5,3,1,336.10002725688224
5,3,1,1,3,5,5,1,1,274.64268886318314
3,5,4,2,2,1,3,4,5,285.7865319315453
3,5,3,3,2,2,1,1,3,330.1414600240755
1,4,2,3,2,3,4,3,5,275.4169157857853
3,4,4,3,3,3,4,3,1,374.6800845919092
5,4,1,1,1,5,3,4,1,271.0056904226957
3,3,5,3,5,2,3,1,4,341.5972336829827
3,5,2,5,3,5,3,3,2,328.44753984670433
3,5,1,3,4,1,1,1,5,284.4057388798593
4,5,3,5,4,2,2,5,1,377.0377251002534
5,5,1,2,5,3,1,4,4,326.3929574356807
3,4,2,1,3,3,5,5,5,324.11821832146353
2,3,1,3,1,1,5,2,2,198.71584609638995
3,1,1,3,5,1,3,5,5,217.6305803698904
5,4,2,5,4,1,5,1,3,356.19832159580244
4,5,3,2,1,4,3,5,1,300.8472264918968
3,4,1,2,3,4,1,1,1,329.27667157027724
1,5,4,1,2,4,5,5,4,230.90792324941128
5,5,3,5,3,3,5,3,5,405.40335772963533
1,2,3,5,3,3,1,4,3,306.8853456529198
4,5,2,1,5,2,2,1,1,300.95247559154535
5,4,5,1,4,3,4,3,2,379.8611368957246
2,2,1,1,3,2,2,3,1,230.2280849327784
3,1,1,4,4,1,1,1,1,243.43991905547566
4,5,4,2,3,2,5,5,2,340.4992562672404
3,5,5,5,4,4,3,5,1,386.4341546172652
1,4,3,1,5,1,2,4,3,225.52019754257756
5,4,1,3,4,2,4,1,3,340.138460033134
2,4,5,5,4,1,3,4,1,340.97279520254034
5,5,3,4,3,3,1,3,4,403.6901553700563
5,4,5,2,3,4,2,2,3,415.3872473350576
4,5,3,5,5,2,5,5,5,349.28041414647475
5,1,2,1,3,2,3,1,3,278.1159978806964
3,3,1,5,4,4,5,3,3,313.21925465551516
2,1,5,5,2,1,2,3,1,279.0973949496933
3,3,4,3,2,4,4,1,2,316.2688540917279
1,3,2,4,5,1,2,5,1,230.65068776768678
4,3,3,2,2,2,5,4,1,307.31662827551713
5,3,4,1,2,1,5,3,4,292.4868546878707
3,5,1,3,5,1,5,5,1,252.48894391085938
3,2,1,5,3,5,3,1,4,287.3057026319795
1,5,3,2,2,1,5,2,1,204.1112282662237
3,2,3,2,4,2,5,2,2,259.1970272752254
4,3,1,4,2,1,1,2,1,309.0592120359168
1,3,3,4,4,2,1,5,2,275.7975099161956
4,1,5,3,5,5,2,4,5,295.3867532485664
2,4,5,1,5,4,1,5,2,305.4232806178477
2,3,2,1,4,1,3,3,2,210.28703123945863
2,1,5,5,5,5,3,3,2,254.31635927797117
5,4,1,2,3,3,2,5,4,374.0056230269178
5,5,1,1,3,3,3,2,1,335.91651073374277
1,3,2,1,1,1,1,5,2,181.52535427526422
1,2,3,3,3,3,2,4,2,275.70128012867985
3,2,3,5,1,3,5,2,1,307.46755593761236
5,5,5,5,5,2,1,5,4,416.55765953039423
2,4,4,2,4,5,3,5,5,261.90883931761294
5,3,5,5,4,1,2,2,1,395.7412388504865
3,2,2,5,2,3,5,2,5,315.6435706731016
2,4,4,1,1,2,3,4,2,259.85506486716724
3,5,5,4,4,2,3,1,2,363.81319101962947
5,2,3,4,5,3,5,2,4,324.2104218494855
5,3,1,5,5,2,2,4,4,353.8949080574558
4,4,4,3,2,4,1,1,1,381.6637077717215
3,1,3,5,1,2,1,1,2,289.4648111719537
1,2,1,1,2,1,5,4,4,142.62657679174686
1,4,5,3,4,2,1,3,1,323.30671094176455
1,5,3,5,5,4,3,3,5,281.5009854156163
5,3,1,3,4,5,1,2,1,302.7266062259389
3,2,5,4,4,1,1,5,5,317.45232788820636
2,2,4,1,1,5,2,1,4,188.84637508564256
3,5,4,3,1,5,4,1,4,266.9253635523777
3,3,3,5,3,4,1,2,1,375.60938663332
4,5,5,1,5,3,2,2,4,361.1824438463112
2,5,1,2,5,1,3,2,1,204.79508369587052
4,1,3,4,3,3,3,3,1,335.1044157317228
5,1,2,4,4,1,2,4,2,286.10202045614705
3,2,1,1,4,4,3,3,5,239.12365888025883
1,1,4,2,4,4,5,1,5,190.70550906053873
4,3,3,2,2,4,2,5,4,322.341290698168
3,5,1,3,3,2,4,4,3,307.35935361926136
2,4,5,4,1,1,5,3,2,288.54499188812105
1,5,3,1,5,5,5,5,2,183.21329074505473
4,4,1,5,3,2,2,4,1,399.5595557560974
2,5,3,2,2,4,5,5,2,250.92040734768557
5,4,1,3,4,1,4,4,3,314.0523620715509
1,4,2,4,2,5,2,1,4,262.3044476506794
4,1,1,2,2,2,1,5,2,260.7922958690135
5,3,1,3,2,4,1,1,3,335.5280510596392
2,3,3,2,1,1,3,4,2,209.57268997400286
1,3,2,2,1,1,1,2,2,190.523398326026
4,5,2,1,4,5,1,4,1,279.21198923078555
5,1,3,1,2,3,3,5,2,285.71772326883547
1,3,4,1,5,3,2,3,2,249.41041944071944
1,3,1,4,4,1,1,4,2,229.88488870130908
1,2,5,5,4,3,5,4,4,300.164364102228
4,2,5,4,2,1,3,3,4,334.1388090284645
2,1,1,5,3,4,1,4,5,269.5158707723512
3,4,3,3,4,2,4,4,5,329.7594441149188
1,5,3,4,1,4,3,5,4,248.6694126443067
4,2,1,2,4,1,1,5,1,252.86797942984794
4,4,2,5,4,2,5,1,1,368.34045864876254
4,4,3,4,1,5,3,5,3,320.4514242212422
4,3,3,3,3,4,5,1,3,346.85051674659485
5,2,2,1,4,4,1,2,1,291.30061284892196
5,2,2,1,1,3,2,5,3,284.00499386279546
2,5,2,4,5,2,3,5,2,271.3123331136373
4,3,5,3,4,1,5,3,5,336.6428535421837
4,1,4,5,5,2,1,5,4,328.6074948720157
4,2,3,2,1,4,2,3,3,278.7066304576031
3,1,4,5,5,3,1,2,2,327.8411965477958
5,2,2,2,1,1,2,4,2,255.42453709671088
1,1,5,4,2,1,3,3,4,231.03035505869767
3,1,5,1,2,2,3,2,1,273.9906347942608
1,3,3,4,5,5,3,3,1,222.05135288673162
4,3,3,2,4,4,5,5,3,303.48666202619967
1,1,5,5,5,2,4,1,1,254.221950757386
5,3,5,3,4,2,5,3,5,450.87145743293286
4,5,1,2,4,5,4,5,3,272.76489829932285
1,2,1,1,5,4,3,5,4,264.9154740011696
1,1,1,5,4,4,2,5,3,287.8298821996846
1,3,3,5,5,2,2,1,2,323.46425514942035
5,4,3,2,1,4,5,4,3,238.68711621954827
4,1,2,5,3,3,1,5,4,489.18805951516623
3,1,4,1,5,1,1,2,5,355.42013968302604
3,1,5,1,3,3,2,4,3,366.34328083721715
2,1,1,2,3,1,3,5,5,98.15137696067433
2,1,5,3,5,1,5,1,1,281.1005595407216
4,3,4,4,2,3,1,1,1,379.9868720986042
4,3,2,5,2,4,4,5,2,350.03611082784005
5,5,3,4,2,1,2,3,4,414.42911024760576
3,4,2,2,3,1,5,3,5,287.49891422076905
1,5,2,1,5,2,3,4,1,99.47210891568623
2,1,2,4,3,1,1,1,4,295.74307592344115
3,3,1,2,1,5,2,1,4,123.54994376574754
4,4,2,4,4,4,1,5,2,335.68382641702044
5,4,5,4,1,3,2,2,3,235.43148028154144
1,5,5,1,4,4,3,3,3,334.9272510033367
1,1,5,3,3,4,2,3,3,243.03249115516843
3,5,4,4,5,2,5,4,1,291.70011307600384
4,1,3,5,3,3,5,4,1,325.1684129980488
1,3,2,5,2,4,2,5,1,274.0407741270765
1,5,1,2,2,4,3,5,5,75.49557265714571
4,5,2,1,2,3,5,5,1,460.3559867842999
3,3,2,3,3,1,1,2,1,304.23788775572586
2,4,4,2,3,5,3,4,3,283.24015860342536
2,5,3,2,3,1,4,5,5,272.4368870816598
2,1,4,5,1,4,4,2,5,237.52201078388003
1,5,4,4,4,1,3,5,1,244.8235285259814
5,2,5,3,4,1,5,4,4,377.0078774395791
1,3,1,3,2,2,2,5,5,285.78523115647
4,1,2,4,1,5,1,2,3,146.303113305801
1,2,2,1,3,5,1,2,5,323.0171361485252
1,4,4,5,1,2,4,4,4,323.1753127553239
3,4,2,3,4,1,4,5,1,165.11409835532004
2,1,1,5,5,2,2,5,2,274.7721715193655
3,1,2,1,1,3,1,4,1,232.23746459035192
5,5,4,1,3,5,2,5,1,355.2973136439344
4,1,2,4,5,3,5,4,5,248.1364187244909
4,3,4,4,3,2,3,5,4,206.81856690539064
2,3,5,4,4,1,4,5,3,240.2270522039947
4,5,1,5,4,3,3,1,2,432.01940926100076
3,4,3,2,5,5,5,2,3,203.70667700556186
1,5,3,4,1,4,4,3,5,419.7310153292027
4,2,4,1,4,3,1,1,4,262.5176861217227
1,2,5,1,3,4,4,2,2,376.2689443397302
3,1,2,2,5,5,1,4,3,165.36903716878305
4,1,1,2,4,5,1,2,3,147.7696924384109
4,1,4,1,1,1,2,5,4,182.14616107230273
5,3,2,1,1,2,1,4,2,171.32271063803722
1,4,2,3,1,2,4,1,3,423.62996877583277
2,1,1,4,4,5,2,1,2,246.6069850814728
1,5,5,4,1,3,4,2,3,218.78341264679568
5,5,3,4,3,1,2,3,4,372.4213568724363
5,5,1,3,1,3,3,3,4,236.67465720089444
2,4,4,4,5,2,3,3,3,142.26709359756725
2,1,2,5,3,5,5,5,1,215.56678973487072
4,1,1,1,5,4,4,2,4,356.07049010923527
1,3,1,5,2,2,5,2,5,453.4117239760201
3,5,5,4,5,2,2,2,4,228.51322247359354
4,5,2,1,5,5,1,3,1,307.9490565852393
5,5,5,5,5,5,1,3,1,497.37772102826216
4,5,4,2,2,3,5,2,5,292.5837305410104
5,1,5,1,5,5,3,4,2,245.74357521909238
5,1,3,1,5,1,1,5,3,232.93498799404054
3,3,5,2,4,4,4,1,3,363.4631134495997
5,2,1,4,5,5,4,1,3,146.9013627056382
4,1,3,4,4,4,5,4,2,305.8257543385776
1,2,1,3,1,2,2,5,3,109.40804389876836
2,3,4,2,3,5,2,3,1,270.1039782601672
2,3,2,4,1,5,3,1,4,129.30547789230224
3,4,5,4,1,3,2,1,1,230.16379552038734
1,1,2,4,4,1,4,5,2,85.77643492847032
3,3,3,2,1,5,1,1,3,359.8597510934719
2,1,1,2,1,5,1,4,4,170.77177310720776
3,3,3,5,4,2,1,2,3,433.45290330594315
2,4,3,1,1,2,1,3,5,167.54193469988257
4,1,2,1,5,2,5,4,5,184.29077435773667
3,2,5,1,3,3,3,4,4,463.79463178439244
4,2,5,2,1,2,3,4,5,220.20385764004735
3,3,1,3,5,3,2,2,4,445.32183146652017
3,3,3,4,3,1,3,3,4,444.8379651339387
2,5,4,1,3,4,5,4,2,215.73162630699056
2,4,4,4,4,5,1,5,5,246.38551474720674
1,4,1,4,5,3,2,4,5,221.39764510949496
3,2,1,3,2,1,4,3,2,83.64837959332675
4,2,4,2,3,4,1,2,3,413.41010341667067
5,5,4,5,2,1,4,2,3,343.08352907930976
3,5,5,5,5,2,3,4,3,469.605324876136
1,1,3,5,5,3,1,1,3,261.76182378245386
2,5,5,3,3,5,2,4,3,269.9394289760244
5,2,4,2,1,4,1,5,3,357.2900483420618
3,1,3,1,3,3,4,4,4,251.4673021170682
4,2,1,3,4,2,4,2,4,280.3399367378695
1,2,2,2,5,2,2,4,3,12.007509575755527
5,1,4,2,1,1,3,1,1,103.95816587915716
5,5,5,1,5,4,5,2,5,420.5863847943732